Workbook
Name ESDataSet__6: #REF!

Sheet All
D1: =F1+P1 -> 18.23 | F1: =SUM(F2:N2) -> 16.84 | P1: =SUM(P2:Q2) -> 1.39
D2: 18.23 | E2: 16.84 | F2: 4.14 | G2: 5.1 | H2: 0.43 | I2: 1.83 | J2: 0.82 | K2: 0.62 | L2: 1.74 | M2: 0.92 | N2: 1.24 | O2: 1.39 | P2: 0.39 | Q2: 1 | R2: 4.64 | S2: 3.51 | T2: 0.77 | U2: 0.47 | V2: 1.77 | W2: 1.13 | X2: 3.9 | Y2: 2.85 | Z2: 1.05 | AA2: 24.1 | AB2: 4.37 | AC2: 11.16 | AD2: 0.64 | AE2: 3.83 | AF2: 4.1 | AG2: 3.33 | AH2: 0.53 | AI2: 0.38 | AJ2: 1.83 | AK2: 0.59 | AL2: 1.78 | AM2: 0.9 | AN2: 0.88 | AO2: 13.89 | AP2: 5.61 | AQ2: 5.28 | AR2: 3.89 | AS2: =AQ2-AR2 -> 1.39 | AT2: 2.91 | AU2: 0.09 | AV2: 5.47 | AW2: 0.94 | AX2: 4.53 | AY2: 2.94 | AZ2: 0.78 | BA2: 1.85 | BB2: 0.25 | BC2: 0.06 | BD2: 2.41 | BE2: 1.41 | BF2: 1 | BG2: 6.12 | BH2: 4.75 | BI2: 1.37 | BJ2: 2.78 | BK2: 1.01 | BL2: =BJ2-BK2 -> 1.77 | BM2: 10.41 | BN2: 8.41 | BO2: 2
A3: month | B3: Headline CPI | C3: Core CPI | D3: Food and non-alcoholic beverages (NAB) | E3: Food | F3: Cereal products | G3: Meat | H3: Fish and other seafood | I3: Milk, other dairy products and eggs | J3: Oils and fats | K3: Fruit and nuts | L3: Vegetables | M3: Sugar, confectionary and desserts | N3: Other food | O3: Non-alcoholic beverages | P3: Hot beverages | Q3: Cold beverages | R3: Alcoholic beverages and tobacco | S3: Alcoholic beverages | T3: Spirits | U3: Wine | V3: Beer | W3: Tobacco | X3: Clothing and footwear | Y3: Clothing | Z3: Footwear | AA3: Housing and utilities | AB3: Actual rentals for housing | AC3: Owners' equivalent rent | AD3: Maintenance and repairs | AE3: Water supply and miscellaneous services | AF3: Electricity and other fuels | AG3: Furnishings, household equipment and routine maintenance | AH3: Furniture, furnishings and carpets | AI3: Appliances, tableware and equipment | AJ3: Goods and services for routine household maintenance | AK3: Supplies and services - Domestic services | AL3: Health | AM3: Medicines and health products | AN3: Health services | AO3: Transport | AP3: Purchase of vehicles | AQ3: Operation of personal transport equipment | AR3: Fuel | AS3: Other services | AT3: Passenger transport services | AU3: Transport services of goods | AV3: Information and communication | AW3: Information and communication equipment | AX3: Information and communication services | AY3: Recreation, sport and culture | AZ3: Recreational goods | BA3: Recreational and cultural services | BB3: Newspapers, books and stationery | BC3: Package holidays | BD3: Education | BE3: Primary and secondary education | BF3: Tertiary education | BG3: Restaurants and accommodation services | BH3: Restaurants | BI3: Accommodation services | BJ3: Personal care and miscellaneous services | BK3: Personal care | BL3: Other services | BM3: Insurance and financial services | BN3: Insurance | BO3: Financial services
A4: 39844 | B4: 8.1145585 | C4: 7.1274298 | D4: 15.74344 | E4: 16.326531 | F4: 27.777778 | G4: 7.8740157 | H4: 19.207317 | I4: 14.825581 | J4: 30.81571 | K4: 6.4516129 | L4: 19.005848 | M4: 13.00813 | N4: 18.209877 | O4: 12.5 | P4: 23.371648 | Q4: 8.9974293 | R4: 10.1983 | S4: 8.4033613 | T4: 12.790698 | U4: 6.9892473 | V4: 6.8870523 | W4: 12.849162 | X4: 3.902439 | Y4: 4.1946309 | Z4: 3.1626506 | AA4: 8.9552239 | AB4: 7.8 | AC4: 6.9811321 | AD4: 16.28866 | AE4: 4.9295775 | AF4: 30.985915 | AG4: 6.0064935 | AH4: 0.31397174 | AI4: 10.773481 | AJ4: 8.2568807 | AK4: 6.6059226 | AL4: 7.7319588 | AM4: 7.5862069 | AN4: 7.5418994 | AO4: 0 | AP4: 1.0909091 | AQ4: -13.314448 | AR4: -20.639535 | AS4: 12.686567 | AT4: 17.032967 | AU4: #N/A | AV4: 0.65666041 | AW4: -5.0985859 | AX4: 1.4084507 | AY4: 8.490566 | AZ4: 10.176991 | BA4: 5.1282051 | BB4: 9.0909091 | BC4: #N/A | BD4: 6.8852459 | BE4: 7.3943662 | BF4: 6.8047337 | BG4: 13.212435 | BH4: 12.99435 | BI4: 13.948498 | BJ4: 10.826211 | BK4: 12.068966 | BL4: 19.467213 | BM4: #N/A | BN4: 6.3694268 | BO4: 17.142857
A5: 39872 | B5: 8.2938389 | C5: 7.9569892 | D5: 15.74344 | E5: 16.034985 | F5: 23.952096 | G5: 9.8143236 | H5: 19.877676 | I5: 13.832853 | J5: 25.443787 | K5: 8.8495575 | L5: 18.823529 | M5: 13.414634 | N5: 18.82716 | O5: 15.362319 | P5: 23.371648 | Q5: 13.589744 | R5: 10.084034 | S5: 7.7134986 | T5: 11.111111 | U5: 6.9518717 | V5: 5.9139785 | W5: 14.24581 | X5: 4.7077922 | Y5: 5.0251256 | Z5: 3.6144578 | AA5: 8.9552239 | AB5: 7.8 | AC5: 6.9811321 | AD5: 16.632444 | AE5: 4.9295775 | AF5: 30.28169 | AG5: 6.8292683 | AH5: 1.2628256 | AI5: 14.623955 | AJ5: 8.9449541 | AK5: 6.6059226 | AL5: 9.0909091 | AM5: 7.816092 | AN5: 10.12987 | AO5: 1.5250545 | AP5: 2.003643 | AQ5: -8.3333333 | AR5: -13.920455 | AS5: 14.179104 | AT5: 15.531335 | AU5: #N/A | AV5: 0.657277 | AW5: -5.6605671 | AX5: 1.4084507 | AY5: 9.7484277 | AZ5: 10.706402 | BA5: 6.5934066 | BB5: 11.620795 | BC5: #N/A | BD5: 6.8852459 | BE5: 7.3943662 | BF5: 6.8047337 | BG5: 13.367609 | BH5: 13.202247 | BI5: 13.742072 | BJ5: 11.634349 | BK5: 13.333333 | BL5: 19.467213 | BM5: #N/A | BN5: 7.9027356 | BO5: 17.142857
A6: 39903 | B6: 8.411215 | C6: 8.0679406 | D6: 14.655172 | E6: 15.273775 | F6: 20.05814 | G6: 10.904255 | H6: 20.743034 | I6: 12.290503 | J6: 11.924119 | K6: 12.975391 | L6: 18.452381 | M6: 15.447154 | N6: 16.86747 | O6: 13.202247 | P6: 26.61597 | Q6: 9.6296296 | R6: 10.455764 | S6: 9.0425532 | T6: 10.242588 | U6: 8.616188 | V6: 8.0939948 | W6: 13.56383 | X6: 4.8543689 | Y6: 5.1752922 | Z6: 3.7593985 | AA6: 8.0882353 | AB6: 6.640625 | AC6: 5.5350554 | AD6: 17.525773 | AE6: 4.9295775 | AF6: 30.28169 | AG6: 7.2815534 | AH6: 1.8297534 | AI6: 14.876033 | AJ6: 9.0293454 | AK6: 6.0810811 | AL6: 11.547912 | AM6: 13.47032 | AN6: 10.12987 | AO6: 0.64102564 | AP6: 2.1857923 | AQ6: -8.8541667 | AR6: -14.736842 | AS6: 14.59854 | AT6: 13.821138 | AU6: #N/A | AV6: 0.65789474 | AW6: -5.1412315 | AX6: 1.4084507 | AY6: 14.779874 | AZ6: 12.513843 | BA6: 19.926874 | BB6: 12.765957 | BC6: #N/A | BD6: 10.429448 | BE6: 11.803279 | BF6: 8.5872576 | BG6: 13.636364 | BH6: 12.777778 | BI6: 14.579055 | BJ6: 11.84573 | BK6: 15.498938 | BL6: 19.467213 | BM6: #N/A | BN6: 7.2507553 | BO6: 19.480519
A7: 39933 | B7: 8.372093 | C7: 8.2627119 | D7: 13.597734 | E7: 13.597734 | F7: 17.714286 | G7: 10.61008 | H7: 16.071429 | I7: 12.672176 | J7: 1.2626263 | K7: 12.337662 | L7: 17.888563 | M7: 16.465863 | N7: 17.313433 | O7: 14.24581 | P7: 31.320755 | Q7: 9.3137255 | R7: 10.933333 | S7: 9.2592593 | T7: 10.106383 | U7: 9.0673575 | V7: 8.3550914 | W7: 13.492063 | X7: 5.3398058 | Y7: 5.6761269 | Z7: 4.0540541 | AA7: 8.0684597 | AB7: 6.640625 | AC7: 5.5350554 | AD7: 16.938776 | AE7: 4.9295775 | AF7: 29.370629 | AG7: 6.7524116 | AH7: 0.078369906 | AI7: 16.968011 | AJ7: 8.5201794 | AK7: 6.0810811 | AL7: 12.285012 | AM7: 15.525114 | AN7: 10.12987 | AO7: 1.0548523 | AP7: 2.919708 | AQ7: -11.650485 | AR7: -17.274939 | AS7: 14.319809 | AT7: 15.068493 | AU7: #N/A | AV7: 0.94339623 | AW7: -6.395112 | AX7: 1.9586507 | AY7: 15.264798 | AZ7: 12.074643 | BA7: 21.195652 | BB7: 12.5 | BC7: #N/A | BD7: 10.429448 | BE7: 11.803279 | BF7: 8.5872576 | BG7: 13.283208 | BH7: 13.498623 | BI7: 13.963039 | BJ7: 11.506849 | BK7: 15.611814 | BL7: 17.303823 | BM7: #N/A | BN7: 7.2507553 | BO7: 19.480519
A8: 39964 | B8: 8.0831409 | C8: 8.4566596 | D8: 12.256267 | E8: 12.534819 | F8: 10.483871 | G8: 10.23622 | H8: 13.953488 | I8: 12.84153 | J8: -3.4398034 | K8: 15.124153 | L8: 17.44186 | M8: 16.205534 | N8: 17.595308 | O8: 15.041783 | P8: 33.082707 | Q8: 9.7799511 | R8: 10.638298 | S8: 8.9473684 | T8: 10.344828 | U8: 9.0439276 | V8: 8.0729167 | W8: 13.456464 | X8: 5 | Y8: 5.4908486 | Z8: 3.742515 | AA8: 8.0684597 | AB8: 6.640625 | AC8: 5.5350554 | AD8: 15 | AE8: 4.9295775 | AF8: 30.28169 | AG8: 7.0626003 | AH8: 0.94711918 | AI8: 16 | AJ8: 8.7053571 | AK8: 6.0810811 | AL8: 11.435523 | AM8: 13.963964 | AN8: 10.649351 | AO8: 0.6263048 | AP8: 4.9541284 | AQ8: -16.589862 | AR8: -22.425629 | AS8: 13.711584 | AT8: 14.402174 | AU8: #N/A | AV8: 0.84825636 | AW8: -7.6720648 | AX8: 1.9586507 | AY8: 13.957055 | AZ8: 11.555076 | BA8: 20.976492 | BB8: 8.0229226 | BC8: #N/A | BD8: 10.429448 | BE8: 11.803279 | BF8: 8.5872576 | BG8: 12.903226 | BH8: 12.5 | BI8: 13.496933 | BJ8: 11.780822 | BK8: 15.932914 | BL8: 17.303823 | BM8: #N/A | BN8: 7.2507553 | BO8: 19.480519
A9: 39994 | B9: 7.0615034 | C9: 7.7405858 | D9: 10.136986 | E9: 9.8360656 | F9: 5.9278351 | G9: 8.5492228 | H9: 11.396011 | I9: 13.079019 | J9: -7.1599045 | K9: 10.185185 | L9: 17.251462 | M9: 14.84375 | N9: 15.229885 | O9: 14.088398 | P9: 27.797834 | Q9: 9.5354523 | R9: 10.638298 | S9: 8.6614173 | T9: 10.31746 | U9: 8.2051282 | V9: 8.0729167 | W9: 13.157895 | X9: 4.8154093 | Y9: 5.1239669 | Z9: 4.0419162 | AA9: 7.2115385 | AB9: 5.7034221 | AC9: 4.6931408 | AD9: 13.333333 | AE9: 4.9295775 | AF9: 28.472222 | AG9: 6.9952305 | AH9: 0.23622047 | AI9: 15.934066 | AJ9: 8.7527352 | AK9: 6.3596491 | AL9: 11.165049 | AM9: 13.199105 | AN9: 10.649351 | AO9: -2.2222222 | AP9: 4 | AQ9: -18.543046 | AR9: -24.94577 | AS9: 13.14554 | AT9: 4.4226044 | AU9: #N/A | AV9: 0.56550424 | AW9: -10.365361 | AX9: 1.9586507 | AY9: 13.496933 | AZ9: 11.410118 | BA9: 20.540541 | BB9: 7.0175439 | BC9: #N/A | BD9: 10.429448 | BE9: 11.803279 | BF9: 8.5872576 | BG9: 12.285012 | BH9: 11.2 | BI9: 13.877551 | BJ9: 11.780822 | BK9: 15.448852 | BL9: 17.303823 | BM9: #N/A | BN9: 7.5528701 | BO9: 20
A10: 40025 | B10: 6.741573 | C10: 7.9002079 | D10: 8.3783784 | E10: 7.8167116 | F10: 3.8071066 | G10: 6.4267352 | H10: 11.267606 | I10: 11.229947 | J10: -8.9622642 | K10: 9.9307159 | L10: 14.534884 | M10: 12.21374 | N10: 13.202247 | O10: 14.754098 | P10: 26.33452 | Q10: 11.407767 | R10: 11.671088 | S10: 8.0939948 | T10: 9.7368421 | U10: 7.9081633 | V10: 7.7922078 | W10: 15.789474 | X10: 5.2884615 | Y10: 5.4455446 | Z10: 4.6407186 | AA10: 8.2159624 | AB10: 5.7034221 | AC10: 4.6931408 | AD10: 13.009709 | AE10: 9.0909091 | AF10: 27.272727 | AG10: 6.5079365 | AH10: 0.31695721 | AI10: 13.414634 | AJ10: 8.9519651 | AK10: 6.3596491 | AL10: 10.895884 | AM10: 11.699779 | AN10: 10.649351 | AO10: -3.3663366 | AP10: 2.8933092 | AQ10: -20 | AR10: -26.166329 | AS10: 12.009238 | AT10: 3.1553398 | AU10: #N/A | AV10: 0.56603774 | AW10: -10.53869 | AX10: 1.9586507 | AY10: 13.914373 | AZ10: 11.948332 | BA10: 20.323741 | BB10: 7.2254335 | BC10: #N/A | BD10: 10.429448 | BE10: 11.803279 | BF10: 8.5872576 | BG10: 10.361446 | BH10: 10.875332 | BI10: 9.4674556 | BJ10: 13.043478 | BK10: 15.416667 | BL10: 14.990138 | BM10: #N/A | BN10: 10.542169 | BO10: 17.884131
A11: 40056 | B11: 6.0267857 | C11: 7.6446281 | D11: 6.9333333 | E11: 6.3829787 | F11: 0.24630542 | G11: 5.3846154 | H11: 10.335196 | I11: 9.9737533 | J11: -11.36891 | K11: 11.08545 | L11: 13.276836 | M11: 10.074627 | N11: 13.687151 | O11: 13.709677 | P11: 20.608108 | Q11: 11.594203 | R11: 12.532637 | S11: 8.0939948 | T11: 9.9737533 | U11: 7.3417722 | V11: 8.0729167 | W11: 18.575064 | X11: 5.0955414 | Y11: 5.0819672 | Z11: 4.3090639 | AA11: 7.9254079 | AB11: 5.7034221 | AC11: 4.6931408 | AD11: 8.3179298 | AE11: 9.3959732 | AF11: 25.68306 | AG11: 5.9936909 | AH11: 0.078926598 | AI11: 11.27321 | AJ11: 8.9324619 | AK11: 6.3596491 | AL11: 11.111111 | AM11: 12.114537 | AN11: 10.649351 | AO11: -2.6 | AP11: 3.8112523 | AQ11: -19.787234 | AR11: -26.458333 | AS11: 12.240185 | AT11: 4.1769042 | AU11: #N/A | AV11: 1.304753 | AW11: -11.603705 | AX11: 2.5668449 | AY11: 11.844078 | AZ11: 8.2291667 | BA11: 21.582734 | BB11: 5.3977273 | BC11: #N/A | BD11: 10.429448 | BE11: 11.803279 | BF11: 8.5872576 | BG11: 9.8321343 | BH11: 10.55409 | BI11: 7.3643411 | BJ11: 12.432432 | BK11: 13.90593 | BL11: 14.990138 | BM11: #N/A | BN11: 10.542169 | BO11: 16.129032
A12: 40086 | B12: 6.4444444 | C12: 6.9672131 | D12: 5.2493438 | E12: 4.9868766 | F12: -1.9323671 | G12: 4.0712468 | H12: 7.3569482 | I12: 7.1611253 | J12: -12.814645 | K12: 12.790698 | L12: 15.625 | M12: 10 | N12: 11.382114 | O12: 11.609499 | P12: 16.721311 | Q12: 10.26253 | R12: 11.886305 | S12: 8.0519481 | T12: 9.6605744 | U12: 7.0175439 | V12: 6.9587629 | W12: 17.293233 | X12: 4.7619048 | Y12: 5.0653595 | Z12: 4.4510386 | AA12: 7.6212471 | AB12: 5.2631579 | AC12: 4.8300537 | AD12: 7.3126143 | AE12: 9.3959732 | AF12: 25 | AG12: 5.3208138 | AH12: -0.94488189 | AI12: 9.5800525 | AJ12: 8.3870968 | AK12: 6.2770563 | AL12: 11.111111 | AM12: 12.77533 | AN12: 10.649351 | AO12: -1.4084507 | AP12: 2.7027027 | AQ12: -11.738149 | AR12: -17.225951 | AS12: 11.954023 | AT12: 1.4319809 | AU12: #N/A | AV12: 0.93370682 | AW12: -11.657033 | AX12: 2.1390374 | AY12: 11.360239 | AZ12: 6.5488565 | BA12: 19.929453 | BB12: 10.724638 | BC12: #N/A | BD12: 10.429448 | BE12: 11.803279 | BF12: 8.5872576 | BG12: 9.7852029 | BH12: 11.081794 | BI12: 7.7071291 | BJ12: 11.764706 | BK12: 13.104839 | BL12: 14.09002 | BM12: #N/A | BN12: 11.111111 | BO12: 7.8341014
A13: 40117 | B13: 6.4444444 | C13: 6.5306122 | D13: 5.4830287 | E13: 5.2083333 | F13: -2.173913 | G13: 4.0712468 | H13: 7.712766 | I13: 7.6923077 | J13: -13.926941 | K13: 13.519814 | L13: 16.576087 | M13: 8 | N13: 9.3085106 | O13: 12.137203 | P13: 14.469453 | Q13: 11.217184 | R13: 11.597938 | S13: 8.0519481 | T13: 9.6605744 | U13: 7.2864322 | V13: 6.9587629 | W13: 16.41791 | X13: 4.9206349 | Y13: 5.2202284 | Z13: 4.4444444 | AA13: 7.3732719 | AB13: 5.2631579 | AC13: 4.8300537 | AD13: 6.3176895 | AE13: 9.3959732 | AF13: 23.783784 | AG13: 4.6801872 | AH13: -0.94488189 | AI13: 8.5078534 | AJ13: 7.7087794 | AK13: 6.2770563 | AL13: 11.111111 | AM13: 12.77533 | AN13: 10.649351 | AO13: -2.020202 | AP13: 2.7027027 | AQ13: -13.59447 | AR13: -18.894009 | AS13: 11.187215 | AT13: 1.4285714 | AU13: #N/A | AV13: 0.46685341 | AW13: -15.456975 | AX13: 2.1390374 | AY13: 10.698366 | AZ13: 4.6248715 | BA13: 19.929453 | BB13: 11.594203 | BC13: #N/A | BD13: 10.429448 | BE13: 11.803279 | BF13: 8.5872576 | BG13: 7.9254079 | BH13: 7.6335878 | BI13: 8.3333333 | BJ13: 10.582011 | BK13: 11.84739 | BL13: 8.6556169 | BM13: #N/A | BN13: 12.121212 | BO13: 7.8341014
A14: 40147 | B14: 6.2084257 | C14: 6.3136456 | D14: 4.6632124 | E14: 4.1343669 | F14: -2.8846154 | G14: 3.5264484 | H14: 5.974026 | I14: 9.0206186 | J14: -13.657407 | K14: 13.716814 | L14: 12.432432 | M14: 7.9710145 | N14: 8.7301587 | O14: 10.909091 | P14: 13.291139 | Q14: 10.638298 | R14: 11.311054 | S14: 8.0519481 | T14: 9.6605744 | U14: 7.5376884 | V14: 6.9587629 | W14: 16.666667 | X14: 5.2380952 | Y14: 5.2202284 | Z14: 4.5925926 | AA14: 7.3732719 | AB14: 5.2631579 | AC14: 4.8300537 | AD14: 6.2836625 | AE14: 9.3959732 | AF14: 24.324324 | AG14: 4.2056075 | AH14: -1.6483516 | AI14: 6.9100391 | AJ14: 7.7087794 | AK14: 6.2770563 | AL14: 10.047847 | AM14: 10.537634 | AN14: 10.649351 | AO14: -0.81799591 | AP14: 2.7075812 | AQ14: -10.071942 | AR14: -14.769976 | AS14: 10.909091 | AT14: 1.9047619 | AU14: #N/A | AV14: 0.37383178 | AW14: -17.117603 | AX14: 2.1390374 | AY14: 7.9710145 | AZ14: 2.2132797 | BA14: 19.929453 | BB14: 6.5217391 | BC14: #N/A | BD14: 10.429448 | BE14: 11.803279 | BF14: 8.5872576 | BG14: 7.6566125 | BH14: 7.5949367 | BI14: 7.7071291 | BJ14: 10.582011 | BK14: 10.27668 | BL14: 8.6556169 | BM14: #N/A | BN14: 12.121212 | BO14: 7.8341014
A15: 40178 | B15: 6.4444444 | C15: 6.2880325 | D15: 3.5989717 | E15: 2.8132992 | F15: -3.125 | G15: 2.2277228 | H15: 4.6511628 | I15: 8.7403599 | J15: -13.657407 | K15: 10.315789 | L15: 6.2992126 | M15: 8.7912088 | N15: 7.6719577 | O15: 10.649351 | P15: 12.539185 | Q15: 10.165485 | R15: 11.311054 | S15: 7.7922078 | T15: 8.8311688 | U15: 7.5566751 | V15: 6.9587629 | W15: 16.62531 | X15: 4.8973144 | Y15: 4.8701299 | Z15: 4.4313146 | AA15: 7.3226545 | AB15: 5.0092764 | AC15: 4.0564374 | AD15: 5.8928571 | AE15: 9.3959732 | AF15: 23.655914 | AG15: 3.7209302 | AH15: -1.9685039 | AI15: 6.3802083 | AJ15: 7.4152542 | AK15: 5.7692308 | AL15: 10.047847 | AM15: 10.775862 | AN15: 10.649351 | AO15: 3.6016949 | AP15: 2.3423423 | AQ15: 8.7323944 | AR15: 7.6696165 | AS15: 10.11236 | AT15: 0.46728972 | AU15: #N/A | AV15: 0.18674136 | AW15: -19.52776 | AX15: 2.1390374 | AY15: 9.2240117 | AZ15: 3.058104 | BA15: 19.507909 | BB15: 11.142061 | BC15: #N/A | BD15: 10.429448 | BE15: 11.803279 | BF15: 8.5872576 | BG15: 7.816092 | BH15: 8.5642317 | BI15: 6.4272212 | BJ15: 10.582011 | BK15: 9.6078431 | BL15: 8.6556169 | BM15: #N/A | BN15: 12.121212 | BO15: 7.8341014
... A62: 41608 | B62: 5.4054054 | C62: 5.2721088 | D62: 3.7037037 | E62: 3.7037037 | F62: 4.3298969 | G62: 0.19305019 | H62: 5.1282051 | I62: 7.9399142 | J62: 3.877551 | K62: 1.5280136 | L62: 4.8979592 | M62: 6.3492063 | N62: 5.4878049 | O62: 5.0916497 | P62: 7.4441687 | Q62: 4.4362292 | R62: 6.8181818 | S62: 7.3929961 | T62: 6.3872255 | U62: 3.4 | V62: 8.9385475 | W62: 5.3475936 | X62: 3.2122905 | Y62: 3.4139403 | Z62: 2.9569892 | AA62: 5.3571429 | AB62: 4.7765794 | AC62: 4.5385779 | AD62: 4.3090639 | AE62: 8.0188679 | AF62: 7.3863636 | AG62: 3.6879433 | AH62: -0.17256255 | AI62: 2.6666667 | AJ62: 5.7921635 | AK62: 5.8519793 | AL62: 4.5537341 | AM62: 3.2590051 | AN62: 6.3339731 | AO62: 5.7245081 | AP62: 4.0925267 | AQ62: 6.9767442 | AR62: 7.7060932 | AS62: 4.4982699 | AT62: 5.6057866 | AU62: #N/A | AV62: 1.0669253 | AW62: -12.286515 | AX62: 1.8867925 | AY62: 2.6666667 | AZ62: 0.78651685 | BA62: 2.8833552 | BB62: 3.930131 | BC62: #N/A | BD62: 9.0128755 | BE62: 9.0497738 | BF62: 8.9463221 | BG62: 7.2202166 | BH62: 6.4579256 | BI62: 8.801214 | BJ62: 7.2164948 | BK62: 5.7823129 | BL62: 2.8400598 | BM62: #N/A | BN62: 8.5972851 | BO62: 5.5147059
A63: 41639 | B63: 5.3956835 | C63: 5.2631579 | D63: 3.4979424 | E63: 3.4979424 | F63: 4.3209877 | G63: 0 | H63: 5.1612903 | I63: 7.2340426 | J63: 3.0425963 | K63: 0.48701299 | L63: 5.4393305 | M63: 5.8355438 | N63: 5.4989817 | O63: 4.040404 | P63: 6.6502463 | Q63: 3.3027523 | R63: 7.0208729 | S63: 7.6023392 | T63: 5.4 | U63: 4.8582996 | V63: 9.310987 | W63: 5.8823529 | X63: 3.4867503 | Y63: 3.6931818 | Z63: 2.8187919 | AA63: 5.5062167 | AB63: 5.0458716 | AC63: 4.6546547 | AD63: 3.2448378 | AE63: 8.0188679 | AF63: 7.082153 | AG63: 3.3898305 | AH63: -1.2068966 | AI63: 2.4360536 | AJ63: 5.4054054 | AK63: 5.6313993 | AL63: 4.5537341 | AM63: 2.5641026 | AN63: 6.3339731 | AO63: 6.25 | AP63: 4.0925267 | AQ63: 8.8129496 | AR63: 9.9457505 | AS63: 4.5060659 | AT63: 4.5855379 | AU63: #N/A | AV63: 1.0679612 | AW63: -13.285273 | AX63: 1.8867925 | AY63: 2.9451138 | AZ63: 0.22446689 | BA63: 2.8833552 | BB63: 5.7522124 | BC63: 13.317191 | BD63: 9.0128755 | BE63: 9.0497738 | BF63: 8.9463221 | BG63: 7.1684588 | BH63: 6.7961165 | BI63: 8.4592145 | BJ63: 6.9958848 | BK63: 5.4145516 | BL63: 2.8400598 | BM63: #N/A | BN63: 8.1081081 | BO63: 5.5147059
A64: 41670 | B64: 5.9245961 | C64: 5.2453469 | D64: 4.2857143 | E64: 4.0733198 | F64: 4.4989775 | G64: 1.7241379 | H64: 6.1571125 | I64: 6.7368421 | J64: 2.4242424 | K64: 2.4590164 | L64: 6.2880325 | M64: 5.7742782 | N64: 6.8548387 | O64: 4.5908184 | P64: 5.5690073 | Q64: 4.1666667 | R64: 6.9811321 | S64: 7.7369439 | T64: 6.1386139 | U64: 4.1749503 | V64: 9.4619666 | W64: 5.1601423 | X64: 3.7604457 | Y64: 3.8243626 | Z64: 3.2128514 | AA64: 5.3191489 | AB64: 5.0458716 | AC64: 4.6546547 | AD64: 3.0612245 | AE64: 8.0188679 | AF64: 7.082153 | AG64: 3.2440056 | AH64: -1.7226529 | AI64: 1.9300362 | AJ64: 5.5743243 | AK64: 5.6313993 | AL64: 4.5537341 | AM64: 2.9059829 | AN64: 6.3339731 | AO64: 7.8711986 | AP64: 4.0707965 | AQ64: 12.545455 | AR64: 14.625229 | AS64: 5.3633218 | AT64: 4.5855379 | AU64: #N/A | AV64: 1.0679612 | AW64: -13.335066 | AX64: 1.8867925 | AY64: 3.4666667 | AZ64: 0.22396417 | BA64: 2.7486911 | BB64: 12.612613 | BC64: 8.0681818 | BD64: 9.0128755 | BE64: 9.0497738 | BF64: 8.9463221 | BG64: 7.2695035 | BH64: 6.7567568 | BI64: 9.2920354 | BJ64: 6.9672131 | BK64: 5.0505051 | BL64: 4.2836041 | BM64: #N/A | BN64: 8.1081081 | BO64: 3.3391916
A65: 41698 | B65: 5.8614565 | C65: 5.3511706 | D65: 5.3278689 | E65: 5.5441478 | F65: 7.4226804 | G65: 3.1128405 | H65: 7.4152542 | I65: 6.2370062 | J65: 2.6 | K65: 3.6789298 | L65: 7.1868583 | M65: 4.6632124 | N65: 6.2626263 | O65: 3.777336 | P65: 5.2884615 | Q65: 3.4358047 | R65: 6.741573 | S65: 6.6921606 | T65: 6.7729084 | U65: 4.8096192 | V65: 7.6225045 | W65: 5.3380783 | X65: 4.3115438 | Y65: 4.3785311 | Z65: 4.0160643 | AA65: 5.4964539 | AB65: 5.0458716 | AC65: 4.6546547 | AD65: 4.0816327 | AE65: 8.0188679 | AF65: 7.082153 | AG65: 3.8135593 | AH65: 0 | AI65: 2.5362319 | AJ65: 5.5743243 | AK65: 5.6313993 | AL65: 5.1327434 | AM65: 3.4129693 | AN65: 6.1482821 | AO65: 8.1272085 | AP65: 4.7787611 | AQ65: 12.367491 | AR65: 13.932981 | AS65: 6.0344828 | AT65: 4.3936731 | AU65: #N/A | AV65: 1.1661808 | AW65: -11.682119 | AX65: 1.8867925 | AY65: 2.5099075 | AZ65: 0.11185682 | BA65: 1.1597938 | BB65: 9.8901099 | BC65: 8.8505747 | BD65: 9.0128755 | BE65: 9.0497738 | BF65: 8.9463221 | BG65: 7.6106195 | BH65: 6.7567568 | BI65: 10.882353 | BJ65: 6.4202335 | BK65: 5.0505051 | BL65: 4.2836041 | BM65: #N/A | BN65: 7.0981211 | BO65: 3.3391916
A66: 41729 | B66: 6.1403509 | C66: 5.6291391 | D66: 6.9815195 | E66: 7.4074074 | F66: 9.3167702 | G66: 4.0856031 | H66: 7.5630252 | I66: 7.2016461 | J66: 4.4088176 | K66: 5.1495017 | L66: 12.761506 | M66: 6.3451777 | N66: 7.1138211 | O66: 4.3824701 | P66: 5.5690073 | Q66: 3.9783002 | R66: 5.8287796 | S66: 5.7728119 | T66: 7.1017274 | U66: 6.0665362 | V66: 5.3097345 | W66: 6.2608696 | X66: 4.7222222 | Y66: 4.6544429 | Z66: 4.5454545 | AA66: 5.6338028 | AB66: 4.9848943 | AC66: 5.2005944 | AD66: 4.1907514 | AE66: 8.0188679 | AF66: 7.082153 | AG66: 4.0730337 | AH66: 0.25929127 | AI66: 2.7811366 | AJ66: 5.6856187 | AK66: 5.7432432 | AL66: 5.3097345 | AM66: 4.109589 | AN66: 6.1482821 | AO66: 6.8728522 | AP66: 4.9469965 | AQ66: 8.7102178 | AR66: 9.4370861 | AS66: 4.9319728 | AT66: 6.4798599 | AU66: #N/A | AV66: 0.19267823 | AW66: -10.183684 | AX66: 0.7253886 | AY66: 2.2339028 | AZ66: -0.77777778 | BA66: 1.1597938 | BB66: 11.816193 | BC66: 7.5892857 | BD66: 8.8582677 | BE66: 8.5062241 | BF66: 9.3065693 | BG66: 8.2746479 | BH66: 7.2657744 | BI66: 10.964912 | BJ66: 6.3953488 | BK66: 6.1461794 | BL66: 4.2836041 | BM66: #N/A | BN66: 6.875 | BO66: 3.6906854
A67: 41759 | B67: 6.1188811 | C67: 5.6105611 | D67: 7.755102 | E67: 8.1799591 | F67: 10.061602 | G67: 6.8493151 | H67: 8.3333333 | I67: 9.0534979 | J67: 6.2753036 | K67: 2.4630542 | L67: 9.9391481 | M67: 5.5137845 | N67: 7.1138211 | O67: 4.3737575 | P67: 5.5421687 | Q67: 3.7974684 | R67: 5.0359712 | S67: 4.7619048 | T67: 6.5420561 | U67: 4.4487427 | V67: 4.5454545 | W67: 5.5077453 | X67: 4.9861496 | Y67: 5.0704225 | Z67: 4.9399199 | AA67: 5.8098592 | AB67: 4.9848943 | AC67: 5.2005944 | AD67: 4.610951 | AE67: 8.0188679 | AF67: 7.082153 | AG67: 4.0730337 | AH67: 0 | AI67: 3.1400966 | AJ67: 5.6856187 | AK67: 5.7432432 | AL67: 4.7285464 | AM67: 3.5353535 | AN67: 6.1371841 | AO67: 6.6666667 | AP67: 5.2816901 | AQ67: 7.960199 | AR67: 9.0311987 | AS67: 4.2087542 | AT67: 6.4798599 | AU67: #N/A | AV67: -0.38535645 | AW67: -10.580856 | AX67: 0.10351967 | AY67: 2.621232 | AZ67: -0.22296544 | BA67: 1.7902813 | BB67: 12.121212 | BC67: 4.9944506 | BD67: 8.8582677 | BE67: 8.5062241 | BF67: 9.3065693 | BG67: 8.5814361 | BH67: 7.9847909 | BI67: 10.380117 | BJ67: 6.5637066 | BK67: 5.5829228 | BL67: 4.4052863 | BM67: #N/A | BN67: 7.2765073 | BO67: 3.6906854
A68: 41790 | B68: 6.4798599 | C68: 5.601318 | D68: 8.7755102 | E68: 9.202454 | F68: 10.224949 | G68: 8.2352941 | H68: 8.2474227 | I68: 9.8159509 | J68: 4.0322581 | K68: 5.6027165 | L68: 13.496933 | M68: 6.2656642 | N68: 7.9268293 | O68: 5.1792829 | P68: 6.0240964 | Q68: 4.7101449 | R68: 5.1971326 | S68: 5.3016453 | T68: 8.2242991 | U68: 4.8262548 | V68: 4.5217391 | W68: 5.6798623 | X68: 5.401662 | Y68: 5.2039381 | Z68: 5.0666667 | AA68: 5.8098592 | AB68: 4.9848943 | AC68: 5.2005944 | AD68: 6.0781476 | AE68: 8.0188679 | AF68: 7.082153 | AG68: 3.6465638 | AH68: -0.94664372 | AI68: 3.5024155 | AJ68: 5.3511706 | AK68: 5.7432432 | AL68: 4.7120419 | AM68: 3.1719533 | AN68: 6.1371841 | AO68: 8.9160839 | AP68: 6.1403509 | AQ68: 12.326389 | AR68: 14.26087 | AS68: 4.9069374 | AT68: 6.6666667 | AU68: #N/A | AV68: -0.48169557 | AW68: -11.181493 | AX68: 0.10351967 | AY68: 2.7486911 | AZ68: -0.33333333 | BA68: 2.173913 | BB68: 12.364425 | BC68: 2.2075055 | BD68: 8.8582677 | BE68: 8.5062241 | BF68: 9.3065693 | BG68: 8.173913 | BH68: 7.5471698 | BI68: 9.9270073 | BJ68: 6.9632495 | BK68: 6.7768595 | BL68: 4.4052863 | BM68: #N/A | BN68: 7.2765073 | BO68: 3.6906854
A69: 41820 | B69: 6.8181818 | C69: 5.5737705 | D69: 8.7755102 | E69: 9.406953 | F69: 10.633947 | G69: 8.8757396 | H69: 8.4536082 | I69: 9.9391481 | J69: 3.2064128 | K69: 1.5384615 | L69: 12.164948 | M69: 6.234414 | N69: 7 | O69: 4.518664 | P69: 6.9047619 | Q69: 3.9355993 | R69: 5.5655296 | S69: 5.6776557 | T69: 9.0225564 | U69: 4.2307692 | V69: 5.4101222 | W69: 5.1546392 | X69: 5.1104972 | Y69: 5.3370787 | Z69: 5.0599201 | AA69: 5.7591623 | AB69: 5.2083333 | AC69: 4.9780381 | AD69: 6.0693642 | AE69: 8.0188679 | AF69: 7.082153 | AG69: 4.0277778 | AH69: 0.7860262 | AI69: 4.7330097 | AJ69: 5.2459016 | AK69: 5.7755776 | AL69: 5.2447552 | AM69: 4.5226131 | AN69: 6.1371841 | AO69: 8.5365854 | AP69: 6.1403509 | AQ69: 11.343805 | AR69: 13.309982 | AS69: 4.8739496 | AT69: 6.5404475 | AU69: #N/A | AV69: -1.0536398 | AW69: -12.503443 | AX69: -0.51440329 | AY69: 2.745098 | AZ69: 0.22246941 | BA69: 1.9132653 | BB69: 10.920771 | BC69: 4.638009 | BD69: 8.8582677 | BE69: 8.5062241 | BF69: 9.3065693 | BG69: 8.3333333 | BH69: 7.8651685 | BI69: 10.014728 | BJ69: 6.9632495 | BK69: 6.5681445 | BL69: 4.4052863 | BM69: #N/A | BN69: 7.5 | BO69: 3.6906854
A70: 41851 | B70: 6.4013841 | C70: 5.7096248 | D70: 8.7755102 | E70: 8.9795918 | F70: 8.7221095 | G70: 8.6956522 | H70: 8.0246914 | I70: 11.764706 | J70: 2.6262626 | K70: 2.2608696 | L70: 11.909651 | M70: 7.518797 | N70: 8.8176353 | O70: 6.5346535 | P70: 9.8321343 | Q70: 5.4054054 | R70: 5.8823529 | S70: 5.2919708 | T70: 8.5820896 | U70: 3.256705 | V70: 4.8695652 | W70: 7.2758037 | X70: 5.0894085 | Y70: 5.4621849 | Z70: 5.0531915 | AA70: 5.9931507 | AB70: 5.2083333 | AC70: 4.9780381 | AD70: 6.2138728 | AE70: 8.2969432 | AF70: 6.8783069 | AG70: 3.8888889 | AH70: 0.78534031 | AI70: 3.9903265 | AJ70: 5.2459016 | AK70: 5.7755776 | AL70: 5.7692308 | AM70: 5.1839465 | AN70: 6.1371841 | AO70: 6.8027211 | AP70: 5.5846422 | AQ70: 7.615894 | AR70: 8.3606557 | AS70: 5.5649241 | AT70: 6.7125645 | AU70: #N/A | AV70: -1.4312977 | AW70: -11.847947 | AX70: -0.82051282 | AY70: 3.27654 | AZ70: 0.44593088 | BA70: 2.2959184 | BB70: 13.015184 | BC70: 5.8285714 | BD70: 8.8582677 | BE70: 8.5062241 | BF70: 9.3065693 | BG70: 8.1034483 | BH70: 8.2242991 | BI70: 8.0058224 | BJ70: 6.9364162 | BK70: 6.3934426 | BL70: 5.0872093 | BM70: #N/A | BN70: 7.9166667 | BO70: 4.5375218
A71: 41882 | B71: 6.5517241 | C71: 5.7003257 | D71: 9.3495935 | E71: 9.5723014 | F71: 7.6305221 | G71: 9.9009901 | H71: 7.1574642 | I71: 12.701613 | J71: 0.99403579 | K71: 2.4347826 | L71: 13.900415 | M71: 8.5 | N71: 9.9800399 | O71: 6.8897638 | P71: 10.613208 | Q71: 5.5755396 | R71: 6.0606061 | S71: 5.6672761 | T71: 8.7850467 | U71: 5.4158607 | V71: 4.3327556 | W71: 7.7441077 | X71: 5.3278689 | Y71: 5.4166667 | Z71: 5.0131926 | AA71: 5.982906 | AB71: 5.2083333 | AC71: 4.9780381 | AD71: 5.730659 | AE71: 8.7336245 | AF71: 7.1428571 | AG71: 3.6111111 | AH71: -0.43440487 | AI71: 4.0914561 | AJ71: 5.0819672 | AK71: 5.7755776 | AL71: 5.4195804 | AM71: 4.6901173 | AN71: 6.1371841 | AO71: 6.0504202 | AP71: 6.2608696 | AQ71: 5.3484603 | AR71: 5.76 | AS71: 4.8414023 | AT71: 6.7125645 | AU71: #N/A | AV71: -1.6159696 | AW71: -11.61545 | AX71: -1.0214505 | AY71: 3.2679739 | AZ71: 1.1173184 | BA71: 2.2959184 | BB71: 10.660981 | BC71: 5.3631285 | BD71: 8.8582677 | BE71: 8.5062241 | BF71: 9.3065693 | BG71: 8.5910653 | BH71: 8.9385475 | BI71: 7.4605452 | BJ71: 6.7307692 | BK71: 7.5286416 | BL71: 5.0872093 | BM71: #N/A | BN71: 7.9166667 | BO71: 4.3554007
A72: 41912 | B72: 6.185567 | C72: 5.6726094 | D72: 8.6868687 | E72: 8.8888889 | F72: 5.9405941 | G72: 9.4674556 | H72: 8.5714286 | I72: 12.8 | J72: -0.98425197 | K72: 1.0291595 | L72: 12.936345 | M72: 8.478803 | N72: 9.3253968 | O72: 5.2529183 | P72: 9.3240093 | Q72: 4.0925267 | R72: 6.0390764 | S72: 5.2823315 | T72: 8.3643123 | U72: 3.2380952 | V72: 5.0347222 | W72: 7.9124579 | X72: 5.5782313 | Y72: 5.5172414 | Z72: 5.3876478 | AA72: 5.9322034 | AB72: 5.1470588 | AC72: 4.7756874 | AD72: 5.5634807 | AE72: 8.7336245 | AF72: 7.1428571 | AG72: 3.1636864 | AH72: -1.3888889 | AI72: 3.2181168 | AJ72: 4.2003231 | AK72: 4.8780488 | AL72: 5.7591623 | AM72: 5.1752922 | AN72: 6.1371841 | AO72: 4.1946309 | AP72: 6.0658579 | AQ72: 1.6233766 | AR72: 1.2861736 | AS72: 3.814262 | AT72: 7.5342466 | AU72: #N/A | AV72: -1.3358779 | AW72: -12.677658 | AX72: -0.71721311 | AY72: 2.8645833 | AZ72: 0.78125 | BA72: 2.1656051 | BB72: 9.6842105 | BC72: 2.5027203 | BD72: 8.8582677 | BE72: 8.5062241 | BF72: 9.3065693 | BG72: 8.8737201 | BH72: 9.2936803 | BI72: 7.9320113 | BJ72: 6.7307692 | BK72: 6.0162602 | BL72: 5.0872093 | BM72: #N/A | BN72: 7.9166667 | BO72: 4.3554007
A73: 41943 | B73: 5.8219178 | C73: 5.6634304 | D73: 7.8 | E73: 8.0160321 | F73: 5.1282051 | G73: 9.375 | H73: 7.5356415 | I73: 12.57485 | J73: -1.7786561 | K73: 3.6206897 | L73: 8.7649402 | M73: 8.7719298 | N73: 8.7548638 | O73: 5.4368932 | P73: 8.1585082 | Q73: 4.2402827 | R73: 6.5255732 | S73: 6.1261261 | T73: 9.5327103 | U73: 3.2258065 | V73: 5.982906 | W73: 7.9124579 | X73: 5.6910569 | Y73: 5.922865 | Z73: 5.7667104 | AA73: 5.9322034 | AB73: 5.1470588 | AC73: 4.7756874 | AD73: 5.1282051 | AE73: 8.7336245 | AF73: 7.1428571 | AG73: 2.4657534 | AH73: -2.7681661 | AI73: 3.0989273 | AJ73: 4.0257649 | AK73: 4.8780488 | AL73: 5.7391304 | AM73: 5.8139535 | AN73: 6.1371841 | AO73: 4.7058824 | AP73: 5.6701031 | AQ73: 2.7960526 | AR73: 2.4429967 | AS73: 3.807947 | AT73: 8.034188 | AU73: #N/A | AV73: -1.9924099 | AW73: -12.759815 | AX73: -1.3238289 | AY73: 2.8645833 | AZ73: 0.44692737 | BA73: 2.1656051 | BB73: 10.570825 | BC73: 2.9001074 | BD73: 8.8582677 | BE73: 8.5062241 | BF73: 9.3065693 | BG73: 8.8435374 | BH73: 8.9053803 | BI73: 9.1292135 | BJ73: 6.7307692 | BK73: 5.4750403 | BL73: 5.0872093 | BM73: #N/A | BN73: 7.9166667 | BO73: 4.3554007
A74: 41973 | B74: 5.6410256 | C74: 5.815832 | D74: 7.5396825 | E74: 7.7380952 | F74: 5.3359684 | G74: 9.2485549 | H74: 8.3333333 | I74: 12.723658 | J74: -1.7681729 | K74: 11.538462 | L74: 5.8365759 | M74: 7.960199 | N74: 8.2851638 | O74: 5.0387597 | P74: 8.3140878 | Q74: 3.7168142 | R74: 7.6241135 | S74: 7.4275362 | T74: 9.9437148 | U74: 5.4158607 | V74: 7.008547 | W74: 8.6294416 | X74: 6.2246279 | Y74: 6.6024759 | Z74: 5.613577 | AA74: 5.9322034 | AB74: 5.1470588 | AC74: 4.7756874 | AD74: 5.4131054 | AE74: 8.7336245 | AF74: 7.1428571 | AG74: 2.1887825 | AH74: -3.1114952 | AI74: 2.1251476 | AJ74: 4.0257649 | AK74: 4.8780488 | AL74: 5.9233449 | AM74: 5.8139535 | AN74: 6.1371841 | AO74: 4.2301184 | AP74: 5.2991453 | AQ74: 1.6722408 | AR74: 1.1647255 | AS74: 3.9735099 | AT74: 7.8767123 | AU74: #N/A | AV74: -0.86372361 | AW74: -13.746004 | AX74: -0.30864198 | AY74: 2.7272727 | AZ74: 0.66889632 | BA74: 2.1656051 | BB74: 10.714286 | BC74: 2.1231423 | BD74: 8.8582677 | BE74: 8.5062241 | BF74: 9.3065693 | BG74: 8.9225589 | BH74: 9.0073529 | BI74: 9.4839609 | BJ74: 6.9230769 | BK74: 5.7877814 | BL74: 5.0872093 | BM74: #N/A | BN74: 7.9166667 | BO74: 4.3554007 | DL74: 5.27
A75: 42004 | B75: 5.4607509 | C75: 5.8064516 | D75: 7.1570577 | E75: 7.554672 | F75: 4.7337278 | G75: 9.2130518 | H75: 7.9754601 | I75: 12.5 | J75: -1.7716535 | K75: 9.6930533 | L75: 4.9603175 | M75: 8.2706767 | N75: 7.1428571 | O75: 4.6601942 | P75: 8.3140878 | Q75: 3.1971581 | R75: 7.6241135 | S75: 7.4275362 | T75: 11.005693 | U75: 5.2123552 | V75: 6.6439523 | W75: 8.2491582 | X75: 6.1994609 | Y75: 6.5753425 | Z75: 5.7441253 | AA75: 5.7239057 | AB75: 4.9490539 | AC75: 4.8780488 | AD75: 5.7142857 | AE75: 8.7336245 | AF75: 7.1428571 | AG75: 2.1857923 | AH75: -2.530541 | AI75: 1.902497 | AJ75: 4.0064103 | AK75: 5.4927302 | AL75: 5.5749129 | AM75: 5 | AN75: 6.1371841 | AO75: 1.8487395 | AP75: 5.6410256 | AQ75: -3.4710744 | AR75: -5.2631579 | AS75: 4.3117745 | AT75: 6.5767285 | AU75: #N/A | AV75: -1.6330451 | AW75: -12.559382 | AX75: -1.2345679 | AY75: 2.9908973 | AZ75: 0.44792833 | BA75: 2.5477707 | BB75: 11.297071 | BC75: 3.8461538 | BD75: 8.8582677 | BE75: 8.5062241 | BF75: 9.3065693 | BG75: 8.5284281 | BH75: 8.7272727 | BI75: 8.356546 | BJ75: 7.1153846 | BK75: 5.6179775 | BL75: 5.0872093 | BM75: #N/A | BN75: 7.9166667 | BO75: 4.3554007
A76: 42035 | B76: 4.5762712 | C76: 5.7877814 | D76: 6.6536204 | E76: 6.8493151 | F76: 4.6966732 | G76: 8.8512241 | H76: 7.2 | I76: 11.83432 | J76: -0.78895464 | K76: 7.52 | L76: 0.95419847 | M76: 8.4367246 | N76: 6.9811321 | O76: 4.1984733 | P76: 8.2568807 | Q76: 2.7826087 | R76: 7.5837743 | S76: 7.0017953 | T76: 10.074627 | U76: 4.0076336 | V76: 6.9491525 | W76: 8.7986464 | X76: 6.0402685 | Y76: 6.4120055 | Z76: 5.4474708 | AA76: 5.7239057 | AB76: 4.9490539 | AC76: 4.8780488 | AD76: 5.6577086 | AE76: 8.7336245 | AF76: 7.1428571 | AG76: 2.4590164 | AH76: -2.8045574 | AI76: 2.1301775 | AJ76: 4.32 | AK76: 5.4927302 | AL76: 5.9233449 | AM76: 5.8139535 | AN76: 6.1371841 | AO76: -2.6533997 | AP76: 6.292517 | AQ76: -12.924071 | AR76: -17.703349 | AS76: 4.2692939 | AT76: 6.2394604 | AU76: #N/A | AV76: -1.6330451 | AW76: -12.057588 | AX76: -1.1316872 | AY76: 2.4484536 | AZ76: 0.11173184 | BA76: 3.4394904 | BB76: 7 | BC76: 0.94637224 | BD76: 8.8582677 | BE76: 8.5062241 | BF76: 9.3065693 | BG76: 7.2727273 | BH76: 8.1374322 | BI76: 4.8582996 | BJ76: 7.2796935 | BK76: 6.4102564 | BL76: 3.8243626 | BM76: #N/A | BN76: 7.9166667 | BO76: 5.7823129
A77: 42063 | B77: 4.0268456 | C77: 5.7142857 | D77: 6.4202335 | E77: 6.614786 | F77: 4.0307102 | G77: 8.8679245 | H77: 7.8895464 | I77: 11.741683 | J77: -0.7797271 | K77: 0.32258065 | L77: 1.9157088 | M77: 8.6633663 | N77: 7.9847909 | O77: 5.1724138 | P77: 8.6757991 | Q77: 3.6713287 | R77: 8.0701754 | S77: 8.2437276 | T77: 10.634328 | U77: 4.3977055 | V77: 8.6003373 | W77: 8.4459459 | X77: 5.7333333 | Y77: 5.9539919 | Z77: 5.2767053 | AA77: 5.5462185 | AB77: 4.9490539 | AC77: 4.8780488 | AD77: 5.0420168 | AE77: 8.7336245 | AF77: 7.1428571 | AG77: 2.3129252 | AH77: -3.8095238 | AI77: 2.7090695 | AJ77: 4.64 | AK77: 5.4927302 | AL77: 5.7239057 | AM77: 5.2805281 | AN77: 6.4735945 | AO77: -6.372549 | AP77: 5.9121622 | AQ77: -20.597484 | AR77: -26.780186 | AS77: 3.2520325 | AT77: 6.0606061 | AU77: #N/A | AV77: -1.6330451 | AW77: -13.107379 | AX77: -1.1316872 | AY77: 2.7061856 | AZ77: 0 | BA77: 3.3121019 | BB77: 8.6 | BC77: 3.2734952 | BD77: 8.8582677 | BE77: 8.5062241 | BF77: 9.3065693 | BG77: 7.0723684 | BH77: 8.318264 | BI77: 3.4482759 | BJ77: 7.678245 | BK77: 7.2115385 | BL77: 3.8243626 | BM77: #N/A | BN77: 8.5769981 | BO77: 5.7823129
A78: 42094 | B78: 3.9669421 | C78: 5.6426332 | D78: 5.950096 | E78: 5.7471264 | F78: 3.5984848 | G78: 8.411215 | H78: 7.03125 | I78: 9.596929 | J78: -0.38387716 | K78: 1.2638231 | L78: 0.37105751 | M78: 7.875895 | N78: 8.1593928 | O78: 4.7709924 | P78: 8.7155963 | Q78: 3.4782609 | R78: 8.9500861 | S78: 8.9788732 | T78: 8.9605735 | U78: 3.5055351 | V78: 10.588235 | W78: 8.5106383 | X78: 5.8355438 | Y78: 6.06469 | Z78: 5.1150895 | AA78: 5.6666667 | AB78: 5.323741 | AC78: 4.8022599 | AD78: 4.2995839 | AE78: 8.7336245 | AF78: 7.1428571 | AG78: 2.0242915 | AH78: -4.4827586 | AI78: 2.7058824 | AJ78: 4.4303797 | AK78: 5.2715655 | AL78: 5.8823529 | AM78: 5.4276316 | AN78: 6.4735945 | AO78: -4.9839228 | AP78: 5.5555556 | AQ78: -16.33282 | AR78: -21.633888 | AS78: 5.1863857 | AT78: 3.9473684 | AU78: #N/A | AV78: -1.5384615 | AW78: -12.75188 | AX78: -1.1316872 | AY78: 2.3136247 | AZ78: 0.11198208 | BA78: 3.3121019 | BB78: 7.0450098 | BC78: 0 | BD78: 9.2224231 | BE78: 8.7954111 | BF78: 9.8497496 | BG78: 6.8292683 | BH78: 6.9518717 | BI78: 5.4018445 | BJ78: 7.6502732 | BK78: 6.7292645 | BL78: 3.8243626 | BM78: #N/A | BN78: 8.5769981 | BO78: 5.7627119
A79: 42124 | B79: 4.6128501 | C79: 5.625 | D79: 4.9242424 | E79: 4.9149338 | F79: 2.4253731 | G79: 6.4102564 | H79: 5.7692308 | I79: 8.490566 | J79: -2.2857143 | K79: 7.6923077 | L79: 2.2140221 | M79: 8.7885986 | N79: 6.2618596 | O79: 5.3333333 | P79: 8.9041096 | Q79: 4.1811847 | R79: 9.5890411 | S79: 9.7902098 | T79: 8.5964912 | U79: 4.0740741 | V79: 11.87291 | W79: 8.9722675 | X79: 5.5408971 | Y79: 5.7640751 | Z79: 4.9618321 | AA79: 5.4908486 | AB79: 5.323741 | AC79: 4.8022599 | AD79: 3.4435262 | AE79: 8.7336245 | AF79: 7.1428571 | AG79: 2.1592443 | AH79: -3.8062284 | AI79: 2.6932084 | AJ79: 4.5886076 | AK79: 5.2715655 | AL79: 6.0200669 | AM79: 5.3658537 | AN79: 6.462585 | AO79: -0.96153846 | AP79: 4.6822742 | AQ79: -7.5268817 | AR79: -10.692771 | AS79: 5.4927302 | AT79: 4.6052632 | AU79: #N/A | AV79: -0.96711799 | AW79: -12.503812 | AX79: -0.51706308 | AY79: 2.0434227 | AZ79: 0.22346369 | BA79: 2.3869347 | BB79: 5.7915058 | BC79: 1.2684989 | BD79: 9.2224231 | BE79: 8.7954111 | BF79: 9.8497496 | BG79: 5.6451613 | BH79: 6.3380282 | BI79: 3.7086093 | BJ79: 7.2463768 | BK79: 6.2208398 | BL79: 3.0942335 | BM79: #N/A | BN79: 8.1395349 | BO79: 5.7627119
A80: 42155 | B80: 4.6052632 | C80: 5.7722309 | D80: 4.6904315 | E80: 4.6816479 | F80: 3.7105751 | G80: 5.2536232 | H80: 7.4285714 | I80: 7.6350093 | J80: 0.58139535 | K80: 3.0546624 | L80: -1.4414414 | M80: 9.4339623 | N80: 7.1563089 | O80: 5.3030303 | P80: 8.6363636 | Q80: 4.3252595 | R80: 9.5400341 | S80: 9.7222222 | T80: 7.5993092 | U80: 5.1565378 | V80: 11.813644 | W80: 8.7947883 | X80: 5.2562418 | Y80: 5.6149733 | Z80: 4.822335 | AA80: 5.4908486 | AB80: 5.323741 | AC80: 4.8022599 | AD80: 2.8649386 | AE80: 8.7336245 | AF80: 7.1428571 | AG80: 2.5710419 | AH80: -3.4752389 | AI80: 3.1505251 | AJ80: 4.6031746 | AK80: 5.2715655 | AL80: 6.8333333 | AM80: 7.2815534 | AN80: 6.462585 | AO80: -0.64205457 | AP80: 4.1322314 | AQ80: -6.9551777 | AR80: -9.7412481 | AS80: 5.3225806 | AT80: 4.6052632 | AU80: #N/A | AV80: -0.38722168 | AW80: -12.806202 | AX80: 0 | AY80: 1.7834395 | AZ80: 0.11148272 | BA80: 2.0025031 | BB80: 7.1428571 | BC80: -2.699784 | BD80: 9.2224231 | BE80: 8.7954111 | BF80: 9.8497496 | BG80: 6.2700965 | BH80: 7.3684211 | BI80: 3.7184595 | BJ80: 7.4141049 | BK80: 6.0371517 | BL80: 3.0942335 | BM80: #N/A | BN80: 8.1395349 | BO80: 6.6101695
A81: 42185 | B81: 4.5826514 | C81: 5.4347826 | D81: 4.315197 | E81: 4.1121495 | F81: 3.142329 | G81: 5.2536232 | H81: 7.0342205 | I81: 6.8265683 | J81: 0.97087379 | K81: 4.040404 | L81: -1.4705882 | M81: 9.1549296 | N81: 5.7943925 | O81: 4.6992481 | P81: 6.6815145 | Q81: 3.7865749 | R81: 9.6938776 | S81: 10.051993 | T81: 7.2413793 | U81: 5.3505535 | V81: 11.754967 | W81: 9.3137255 | X81: 5.6504599 | Y81: 5.8666667 | Z81: 4.8162231 | AA81: 5.4455446 | AB81: 4.8090523 | AC81: 4.4630404 | AD81: 2.8610354 | AE81: 8.7336245 | AF81: 7.1428571 | AG81: 2.1361816 | AH81: -4.8526863 | AI81: 2.5492468 | AJ81: 4.6728972 | AK81: 5.1482059 | AL81: 6.1461794 | AM81: 5.7692308 | AN81: 6.462585 | AO81: 0.64205457 | AP81: 4.1322314 | AQ81: -2.9780564 | AR81: -4.9459042 | AS81: 4.9679487 | AT81: 3.0694669 | AU81: #N/A | AV81: -0.38722168 | AW81: -12.716399 | AX81: 0 | AY81: 1.9083969 | AZ81: 0.22197558 | BA81: 2.1276596 | BB81: 8.1081081 | BC81: -3.7837838 | BD81: 9.2224231 | BE81: 8.7954111 | BF81: 9.8497496 | BG81: 6.25 | BH81: 6.7708333 | BI81: 4.0160643 | BJ81: 7.2332731 | BK81: 5.5469954 | BL81: 3.0942335 | BM81: #N/A | BN81: 8.1395349 | BO81: 6.2711864
A82: 42216 | B82: 5.0406504 | C82: 5.2469136 | D82: 4.5028143 | E82: 4.3071161 | F82: 4.6641791 | G82: 5.2727273 | H82: 7.6190476 | I82: 5.0816697 | J82: 2.5590551 | K82: 2.3809524 | L82: -1.2844037 | M82: 8.1585082 | N82: 4.7882136 | O82: 3.9033457 | P82: 5.6768559 | Q82: 3.4188034 | R82: 8.9225589 | S82: 10.051993 | T82: 7.5601375 | U82: 6.3079777 | V82: 12.106136 | W82: 5.6782334 | X82: 5.6282723 | Y82: 5.7104914 | Z82: 5.3164557 | AA82: 6.4620355 | AB82: 4.8090523 | AC82: 4.4630404 | AD82: 2.4489796 | AE82: 10.080645 | AF82: 11.386139 | AG82: 2.1390374 | AH82: -5.1082251 | AI82: 2.7906977 | AJ82: 4.6728972 | AK82: 5.1482059 | AL82: 5.9504132 | AM82: 5.0874404 | AN82: 6.462585 | AO82: 0.95541401 | AP82: 4.1322314 | AQ82: -2.4615385 | AR82: -4.0847201 | AS82: 3.514377 | AT82: 2.9032258 | AU82: #N/A | AV82: -0.67763795 | AW82: -14.416116 | AX82: -0.10341262 | AY82: 2.1573604 | AZ82: 0.66592675 | BA82: 2.244389 | BB82: 6.7178503 | BC82: 0.43196544 | BD82: 9.2224231 | BE82: 8.7954111 | BF82: 9.8497496 | BG82: 5.9011164 | BH82: 6.7357513 | BI82: 4.1778976 | BJ82: 7.027027 | BK82: 5.238829 | BL82: 2.2130014 | BM82: #N/A | BN82: 8.1081081 | BO82: 5.8430718
A83: 42247 | B83: 4.5307443 | C83: 5.238829 | D83: 4.4609665 | E83: 4.4609665 | F83: 5.9701493 | G83: 5.045045 | H83: 8.2061069 | I83: 3.7567084 | J83: 5.7086614 | K83: 4.4142615 | L83: -2.3679417 | M83: 7.6036866 | N83: 4.3557169 | O83: 3.6832413 | P83: 4.0511727 | Q83: 3.7478705 | R83: 8.907563 | S83: 10.207612 | T83: 7.3883162 | U83: 6.0550459 | V83: 12.624585 | W83: 4.6875 | X83: 5.3177691 | Y83: 5.4018445 | Z83: 5.1507538 | AA83: 6.2903226 | AB83: 4.8090523 | AC83: 4.4630404 | AD83: 1.897019 | AE83: 9.6385542 | AF83: 11.111111 | AG83: 2.8150134 | AH83: -4.0139616 | AI83: 2.8901734 | AJ83: 4.8361934 | AK83: 5.1482059 | AL83: 6.3018242 | AM83: 6.08 | AN83: 6.462585 | AO83: -0.79239303 | AP83: 3.9279869 | AQ83: -5.2307692 | AR83: -7.5642965 | AS83: 3.343949 | AT83: 2.2580645 | AU83: #N/A | AV83: -0.77294686 | AW83: -14.673046 | AX83: -0.20639835 | AY83: 2.278481 | AZ83: 0.33149171 | BA83: 2.244389 | BB83: 8.477842 | BC83: 0 | BD83: 9.2224231 | BE83: 8.7954111 | BF83: 9.8497496 | BG83: 5.5379747 | BH83: 5.982906 | BI83: 3.7383178 | BJ83: 7.027027 | BK83: 4.56621 | BL83: 2.2130014 | BM83: #N/A | BN83: 8.1081081 | BO83: 5.509182
A84: 42277 | B84: 4.5307443 | C84: 5.2147239 | D84: 4.4609665 | E84: 4.2671614 | F84: 6.3551402 | G84: 4.8648649 | H84: 7.1428571 | I84: 3.0141844 | J84: 6.9582505 | K84: 1.3582343 | L84: -1.6363636 | M84: 7.816092 | N84: 4.3557169 | O84: 4.0665434 | P84: 4.4776119 | Q84: 3.5897436 | R84: 8.5427136 | S84: 10.380623 | T84: 7.3756432 | U84: 6.6420664 | V84: 12.231405 | W84: 4.524181 | X84: 4.8969072 | Y84: 5.0980392 | Z84: 4.4887781 | AA84: 6.24 | AB84: 4.8951049 | AC84: 4.9723757 | AD84: 1.8918919 | AE84: 9.6385542 | AF84: 11.111111 | AG84: 2.6666667 | AH84: -3.5211268 | AI84: 2.3094688 | AJ84: 5.1162791 | AK84: 5.4263566 | AL84: 5.7755776 | AM84: 5.3968254 | AN84: 6.462585 | AO84: -0.80515298 | AP84: 3.9215686 | AQ84: -5.7507987 | AR84: -8.2539683 | AS84: 3.8338658 | AT84: 1.910828 | AU84: #N/A | AV84: -0.67698259 | AW84: -13.151042 | AX84: -0.20639835 | AY84: 2.1518987 | AZ84: 0.22148394 | BA84: 2.244389 | BB84: 9.0211132 | BC84: -0.31847134 | BD84: 9.2224231 | BE84: 8.7954111 | BF84: 9.8497496 | BG84: 4.8589342 | BH84: 5.6122449 | BI84: 3.4120735 | BJ84: 7.027027 | BK84: 5.3680982 | BL84: 2.2130014 | BM84: #N/A | BN84: 7.9150579 | BO84: 5.509182
A85: 42308 | B85: 4.6925566 | C85: 5.2067381 | D85: 4.8237477 | E85: 4.8237477 | F85: 7.1294559 | G85: 4.2857143 | H85: 8.5227273 | I85: 3.0141844 | J85: 10.261569 | K85: -0.16638935 | L85: 0.54945055 | M85: 8.7557604 | N85: 3.2200358 | O85: 3.8674033 | P85: 5.8189655 | Q85: 3.220339 | R85: 7.4503311 | S85: 8.4889643 | T85: 6.8259386 | U85: 6.8014706 | V85: 9.516129 | W85: 4.3681747 | X85: 4.7435897 | Y85: 4.9414824 | Z85: 4.2131351 | AA85: 6.24 | AB85: 4.8951049 | AC85: 4.9723757 | AD85: 1.897019 | AE85: 9.6385542 | AF85: 11.111111 | AG85: 3.0748663 | AH85: -2.1352313 | AI85: 3.1213873 | AJ85: 4.7987616 | AK85: 5.4263566 | AL85: 5.9210526 | AM85: 5.1805338 | AN85: 6.462585 | AO85: -0.64205457 | AP85: 4.3902439 | AQ85: -5.44 | AR85: -7.9491256 | AS85: 3.6682616 | AT85: 1.5822785 | AU85: #N/A | AV85: -0.67763795 | AW85: -12.475182 | AX85: -0.20639835 | AY85: 2.7848101 | AZ85: 0.77864294 | BA85: 3.117207 | BB85: 9.3690249 | BC85: -0.52192067 | BD85: 9.2224231 | BE85: 8.7954111 | BF85: 9.8497496 | BG85: 5.3125 | BH85: 6.3032368 | BI85: 2.3166023 | BJ85: 7.027027 | BK85: 4.8854962 | BL85: 2.6279391 | BM85: #N/A | BN85: 7.9150579 | BO85: 5.509182
A86: 42338 | B86: 4.8543689 | C86: 5.0381679 | D86: 4.797048 | E86: 4.7882136 | F86: 7.3170732 | G86: 4.0564374 | H86: 6.9418386 | I86: 1.9400353 | J86: 11.4 | K86: -5.9970015 | L86: 2.2058824 | M86: 8.7557604 | N86: 3.5587189 | O86: 4.0590406 | P86: 5.3304904 | Q86: 3.7542662 | R86: 7.0840198 | S86: 7.925801 | T86: 6.6552901 | U86: 7.1559633 | V86: 8.6261981 | W86: 4.6728972 | X86: 4.4585987 | Y86: 4.516129 | Z86: 3.9555006 | AA86: 6.24 | AB86: 4.8951049 | AC86: 4.9723757 | AD86: 1.4864865 | AE86: 9.6385542 | AF86: 11.111111 | AG86: 3.2128514 | AH86: -2.1409456 | AI86: 3.583815 | AJ86: 4.7987616 | AK86: 5.4263566 | AL86: 5.7565789 | AM86: 4.866562 | AN86: 6.462585 | AO86: 0 | AP86: 4.2207792 | AQ86: -4.1118421 | AR86: -6.5789474 | AS86: 3.9808917 | AT86: 2.0634921 | AU86: #N/A | AV86: -0.67763795 | AW86: -11.489218 | AX86: -0.20639835 | AY86: 3.1605563 | AZ86: 1.1074197 | BA86: 3.117207 | BB86: 8.5388994 | BC86: 1.7671518 | BD86: 9.2224231 | BE86: 8.7954111 | BF86: 9.8497496 | BG86: 5.2550232 | BH86: 5.3962901 | BI86: 4.7133758 | BJ86: 6.8345324 | BK86: 3.9513678 | BL86: 2.6279391 | BM86: #N/A | BN86: 7.9150579 | BO86: 5.509182
... A199: 45777 | B199: 2.8254289 | C199: 3.033367 | D199: 3.9674466 | E199: 3.3367037 | F199: 4.8205128 | G199: 3.006012 | H199: 4.7668394 | I199: 0.60851927 | J199: 4.8205128 | K199: 7.3545554 | L199: 4.4834308 | M199: 5.6191467 | N199: 1.2060302 | O199: 7.6029567 | P199: 15.231788 | Q199: 3.5934292 | R199: 4.6605876 | S199: 4.6558704 | T199: 4.3743642 | U199: 5.3752535 | V199: 4.3346774 | W199: 4.4670051 | X199: 1.2084592 | Y199: 1.2084592 | Z199: 1.6177958 | AA199: 4.3568465 | AB199: 2.8571429 | AC199: 2.4390244 | AD199: 0.60301508 | AE199: 5.4736842 | AF199: 11.568409 | AG199: 1.718908 | AH199: -1.8500487 | AI199: -3.4146341 | AJ199: 4.3209877 | AK199: 4.8654244 | AL199: 4.2084168 | AM199: 3.313253 | AN199: 5.1 | AO199: -3.9272031 | AP199: 2.1319797 | AQ199: -10.521662 | AR199: -13.367609 | AS199: 1.6048144 | AT199: -0.70778564 | AU199: #N/A | AV199: 0.69444444 | AW199: -14.97373 | AX199: 2.4 | AY199: 1.7017017 | AZ199: -2.34375 | BA199: 2.7162978 | BB199: 4.6558704 | BC199: 6.5310493 | BD199: 4.5 | BE199: 5 | BF199: 3.7 | BG199: 2.9835391 | BH199: 3.4126163 | BI199: 2.4464832 | BJ199: 1.6048144 | BK199: 0.5994006 | BL199: 2.2066199 | BM199: #N/A | BN199: 8.2329317 | BO199: 5.0301811
B201: =AVERAGE(B4:B105) -> 5.6224383
B202: =AVERAGE(B106:B199) -> 4.7420253

Sheet Fielding and Mizen (2001)
A1: month | B1: cerealprod | C1: meat | D1: fish_seafood | E1: milk_dairy_eggs | F1: oil_fats | G1: fruit_nuts | H1: veggies | I1: sugar_dess | J1: other_food | K1: hot_bev | L1: cold_bev | M1: spirits | N1: wine | O1: beer | P1: tobacco | Q1: clothing | R1: footwear | S1: rentals | T1: OER | U1: main_repairs | V1: water_sup_serv | W1: electr_ofuels | X1: furn_carp | Y1: app_table_equip | Z1: gs_for_housemain | AA1: med_healthpro | AB1: health_serv | AC1: purch_vehicle | AD1: fuel | AE1: other_op_pers_trans_equip | AF1: pass_trans_serv | AG1: inf_com_equip | AH1: info_com_serv | AI1: recr_goods_gardnprod | AJ1: recr_cult_serv | AK1: news_book_stat | AL1: pack_hol | AM1: prim_sec_edu | AN1: tert_edu | AO1: restaurants | AP1: accom_serv | AQ1: pers_care | AR1: other_serv | AS1: insurance | AT1: fin_serv | AU1: 100
B2: 4.14 | C2: 5.1 | D2: 0.43 | E2: 1.83 | F2: 0.82 | G2: 0.62 | H2: 1.74 | I2: 0.92 | J2: 1.24 | K2: 0.39 | L2: 1 | M2: 0.77 | N2: 0.47 | O2: 1.77 | P2: 1.13 | Q2: 2.85 | R2: 1.05 | S2: 4.37 | T2: 11.16 | U2: 0.64 | V2: 3.83 | W2: 4.1 | X2: 0.53 | Y2: 0.38 | Z2: 1.83 | AA2: 0.9 | AB2: 0.88 | AC2: 5.61 | AD2: 3.89 | AE2: 1.39 | AF2: 2.91 | AG2: 0.94 | AH2: 4.53 | AI2: 0.78 | AJ2: 1.85 | AK2: 0.25 | AL2: 0.06 | AM2: 1.41 | AN2: 1 | AO2: 4.75 | AP2: 1.37 | AQ2: 1.01 | AR2: 1.77 | AS2: 8.41 | AT2: 2 | AV2: rpd
B3: =B2/$Q$2 -> 1.4526316 | C3: =C2/$Q$2 -> 1.7894737 | D3: =D2/$Q$2 -> 0.15087719 | E3: =E2/$Q$2 -> 0.64210526 | F3: =F2/$Q$2 -> 0.2877193 | G3: =G2/$Q$2 -> 0.21754386 | H3: =H2/$Q$2 -> 0.61052632 | I3: =I2/$Q$2 -> 0.32280702 | ... AT3: =AT2/$Q$2 -> 0.70175439
A4: 39844 | B4: =$B$2/$AU$1*(sub!D2-sub!$B2)^2 -> 16.006987 | C4: =($C$2/$AU$1)*(sub!E2-sub!$B2)^2 -> 0.0029509009 | D4: =($D$2/$AU$1)*(sub!F2-sub!$B2)^2 -> 0.52911196 | E4: =($E$2/$AU$1*(sub!G2-sub!$B2)^2) -> 0.82419226 | F4: =($F$2/$AU$1*(sub!H2-sub!$B2)^2) -> 4.2258067 | G4: =($G$2/$AU$1*(sub!I2-sub!$B2)^2) -> 0.017145405 | H4: =($H$2/$AU$1*(sub!J2-sub!$B2)^2) -> 2.0639912 | I4: =($I$2/$AU$1*(sub!K2-sub!$B2)^2) -> 0.2203128 | J4: =($J$2/$AU$1*(sub!L2-sub!$B2)^2) -> 1.2637515 | K4: =($K$2/$AU$1*(sub!M2-sub!$B2)^2) -> 0.90783719 | L4: =($L$2/$AU$1*(sub!N2-sub!$B2)^2) -> 0.0077946091 | M4: =($M$2/$AU$1*(sub!O2-sub!$B2)^2) -> 0.16837034 | N4: =($N$2/$AU$1*(sub!P2-sub!$B2)^2) -> 0.0059517285 | O4: =($O$2/$AU$1*(sub!Q2-sub!$B2)^2) -> 0.026669852 | P4: =($P$2/$AU$1*(sub!R2-sub!$B2)^2) -> 0.25330612 | Q4: =($Q$2/$AU$1*(sub!S2-sub!$B2)^2) -> 0.43792622 | R4: =($R$2/$AU$1*(sub!T2-sub!$B2)^2) -> 0.25747461 | S4: =($S$2/$AU$1*(sub!U2-sub!$B2)^2) -> 0.0043239853 | T4: =($T$2/$AU$1*(sub!V2-sub!$B2)^2) -> 0.14336754 | U4: =($U$2/$AU$1*(sub!W2-sub!$B2)^2) -> 0.42762197 | V4: =($V$2/$AU$1*(sub!X2-sub!$B2)^2) -> 0.38851918 | W4: =($W$2/$AU$1*(sub!Y2-sub!$B2)^2) -> 21.447058 | X4: =($X$2/$AU$1*(sub!Z2-sub!$B2)^2) -> 0.32250051 | Y4: =($Y$2/$AU$1*(sub!AA2-sub!$B2)^2) -> 0.026865495 | Z4: =($Z$2/$AU$1*(sub!AB2-sub!$B2)^2) -> 0.00037067796 | AA4: =($AA$2/$AU$1*(sub!AC2-sub!$B2)^2) -> 0.0025123985 | AB4: =($AB$2/$AU$1*(sub!AD2-sub!$B2)^2) -> 0.0028858576 | AC4: =($AC$2/$AU$1*(sub!AE2-sub!$B2)^2) -> 2.7675056 | AD4: =($AD$2/$AU$1*(sub!AF2-sub!$B2)^2) -> 32.162438 | AE4: =($AE$2/$AU$1*(sub!AG2-sub!$B2)^2) -> 0.29055536 | AF4: =($AF$2/$AU$1*(sub!AH2-sub!$B2)^2) -> 2.3145561 | AG4: =($AG$2/$AU$1*(sub!AI2-sub!$B2)^2) -> 1.6411195 | AH4: =($AH$2/$AU$1*(sub!AJ2-sub!$B2)^2) -> 2.0372262 | AI4: =($AI$2/$AU$1*(sub!AK2-sub!$B2)^2) -> 0.033178303 | AJ4: =($AJ$2/$AU$1*(sub!AL2-sub!$B2)^2) -> 0.16498867 | AK4: =($AK$2/$AU$1*(sub!AM2-sub!$B2)^2) -> 0.0023831513 | AL4: =($AL$2/$AU$1*(sub!AN2-sub!$B2)^2) -> 0.039507636 | AM4: =($AM$2/$AU$1*(sub!AO2-sub!$B2)^2) -> 0.0073133445 | AN4: =($AN$2/$AU$1*(sub!AP2-sub!$B2)^2) -> 0.017156409 | AO4: =($AO$2/$AU$1*(sub!AQ2-sub!$B2)^2) -> 1.1310875 | AP4: =($AP$2/$AU$1*(sub!AR2-sub!$B2)^2) -> 0.46627743 | AQ4: =($AQ$2/$AU$1*(sub!AS2-sub!$B2)^2) -> 0.15793708 | AR4: =($AR$2/$AU$1*(sub!AT2-sub!$B2)^2) -> 2.281225 | AS4: =($AS$2/$AU$1*(sub!AU2-sub!$B2)^2) -> 0.25612527 | AT4: =($AT$2/$AU$1*(sub!AV2-sub!$B2)^2) -> 1.6302035 | AV4: =SUM(B4:AT4) -> 97.38639
A5: 39872 | B5: =$B$2/$AU$1*(sub!D3-sub!$B3)^2 -> 10.150494 | C5: =($C$2/$AU$1)*(sub!E3-sub!$B3)^2 -> 0.11790557 | D5: =($D$2/$AU$1)*(sub!F3-sub!$B3)^2 -> 0.5769967 | E5: =($E$2/$AU$1*(sub!G3-sub!$B3)^2) -> 0.56145641 | F5: =($F$2/$AU$1*(sub!H3-sub!$B3)^2) -> 2.4117899 | G5: =($G$2*(sub!I3-sub!$B3)^2) -> 0.1914704 | H5: =($H$2/$AU$1*(sub!J3-sub!$B3)^2) -> 1.9292143 | I5: =($I$2/$AU$1*(sub!K3-sub!$B3)^2) -> 0.24124741 | J5: =($J$2/$AU$1*(sub!L3-sub!$B3)^2) -> 1.3757907 | K5: =($K$2/$AU$1*(sub!M3-sub!$B3)^2) -> 0.88662722 | L5: =($L$2/$AU$1*(sub!N3-sub!$B3)^2) -> 0.28046607 | M5: =($M$2/$AU$1*(sub!O3-sub!$B3)^2) -> 0.061115077 | N5: =($N$2/$AU$1*(sub!P3-sub!$B3)^2) -> 0.0084641171 | O5: =($O$2*(sub!Q3-sub!$B3)^2) -> 10.024812 | P5: =($P$2/$AU$1*(sub!R3-sub!$B3)^2) -> 0.40031336 | Q5: =($Q$2/$AU$1*(sub!S3-sub!$B3)^2) -> 0.30450786 | R5: =($R$2/$AU$1*(sub!T3-sub!$B3)^2) -> 0.22991437 | S5: =($S$2/$AU$1*(sub!U3-sub!$B3)^2) -> 0.010657417 | T5: =($T$2/$AU$1*(sub!V3-sub!$B3)^2) -> 0.19230902 | U5: =($U$2/$AU$1*(sub!W3-sub!$B3)^2) -> 0.4450069 | V5: =($V$2/$AU$1*(sub!X3-sub!$B3)^2) -> 0.43348916 | W5: =($W$2/$AU$1*(sub!Y3-sub!$B3)^2) -> 19.82209 | X5: =($X$2/$AU$1*(sub!Z3-sub!$B3)^2) -> 0.26200628 | Y5: =($Y$2/$AU$1*(sub!AA3-sub!$B3)^2) -> 0.15226743 | Z5: =($Z$2/$AU$1*(sub!AB3-sub!$B3)^2) -> 0.0077583049 | AA5: =($AA$2/$AU$1*(sub!AC3-sub!$B3)^2) -> 0.002054179 | AB5: =($AB$2*(sub!AD3-sub!$B3)^2) -> 2.9664895 | AC5: =($AC$2/$AU$1*(sub!AE3-sub!$B3)^2) -> 2.2196842 | AD5: =($AD$2/$AU$1*(sub!AF3-sub!$B3)^2) -> 19.196171 | AE5: =($AE$2/$AU$1*(sub!AG3-sub!$B3)^2) -> 0.48144528 | AF5: =($AF$2/$AU$1*(sub!AH3-sub!$B3)^2) -> 1.5242974 | AG5: =($AG$2/$AU$1*(sub!AI3-sub!$B3)^2) -> 1.8304192 | AH5: =($AH$2/$AU$1*(sub!AJ3-sub!$B3)^2) -> 2.1476082 | AI5: =($AI$2/$AU$1*(sub!AK3-sub!$B3)^2) -> 0.045399586 | AJ5: =($AJ$2/$AU$1*(sub!AL3-sub!$B3)^2) -> 0.053492193 | AK5: =($AK$2/$AU$1*(sub!AM3-sub!$B3)^2) -> 0.027671595 | AL5: =($AL$2/$AU$1*(sub!AN3-sub!$B3)^2) -> 0.041272658 | AM5: =($AM$2/$AU$1*(sub!AO3-sub!$B3)^2) -> 0.01140762 | AN5: =($AN$2/$AU$1*(sub!AP3-sub!$B3)^2) -> 0.022174341 | AO5: =($AO$2/$AU$1*(sub!AQ3-sub!$B3)^2) -> 1.1443924 | AP5: =($AP$2/$AU$1*(sub!AR3-sub!$B3)^2) -> 0.40666043 | AQ5: =($AQ$2/$AU$1*(sub!AS3-sub!$B3)^2) -> 0.2565047 | AR5: =($AR$2/$AU$1*(sub!AT3-sub!$B3)^2) -> 2.209744 | AS5: =($AS$2/$AU$1*(sub!AU3-sub!$B3)^2) -> 0.012864087 | AT5: =($AT$2/$AU$1*(sub!AV3-sub!$B3)^2) -> 1.5661025 | AV5: =SUM(B5:AT5) -> 87.244024
A6: 39903 | B6: =$B$2/$AU$1*(sub!D4-sub!$B4)^2 -> 5.6159453 | C6: =($C$2/$AU$1)*(sub!E4-sub!$B4)^2 -> 0.31697776 | D6: =($D$2/$AU$1)*(sub!F4-sub!$B4)^2 -> 0.65391718 | E6: =($E$2/$AU$1*(sub!G4-sub!$B4)^2) -> 0.2753944 | F6: =($F$2/$AU$1*(sub!H4-sub!$B4)^2) -> 0.10119207 | G6: =($G$2*(sub!I4-sub!$B4)^2) -> 12.915659 | H6: =($H$2/$AU$1*(sub!J4-sub!$B4)^2) -> 1.7543553 | I6: =($I$2/$AU$1*(sub!K4-sub!$B4)^2) -> 0.45544089 | J6: =($J$2/$AU$1*(sub!L4-sub!$B4)^2) -> 0.88670227 | K6: =($K$2/$AU$1*(sub!M4-sub!$B4)^2) -> 1.2925111 | L6: =($L$2/$AU$1*(sub!N4-sub!$B4)^2) -> 0.014845343 | M6: =($M$2/$AU$1*(sub!O4-sub!$B4)^2) -> 0.025825228 | N6: =($N$2/$AU$1*(sub!P4-sub!$B4)^2) -> 0.00019746554 | O6: =($O$2*(sub!Q4-sub!$B4)^2) -> 0.17811269 | P6: =($P$2/$AU$1*(sub!R4-sub!$B4)^2) -> 0.30000867 | Q6: =($Q$2/$AU$1*(sub!S4-sub!$B4)^2) -> 0.2984291 | R6: =($R$2/$AU$1*(sub!T4-sub!$B4)^2) -> 0.22721366 | S6: =($S$2/$AU$1*(sub!U4-sub!$B4)^2) -> 0.13699901 | T6: =($T$2/$AU$1*(sub!V4-sub!$B4)^2) -> 0.92318802 | U6: =($U$2/$AU$1*(sub!W4-sub!$B4)^2) -> 0.5316811 | V6: =($V$2/$AU$1*(sub!X4-sub!$B4)^2) -> 0.46426492 | W6: =($W$2/$AU$1*(sub!Y4-sub!$B4)^2) -> 19.611025 | X6: =($X$2/$AU$1*(sub!Z4-sub!$B4)^2) -> 0.22957287 | Y6: =($Y$2/$AU$1*(sub!AA4-sub!$B4)^2) -> 0.15881672 | Z6: =($Z$2/$AU$1*(sub!AB4-sub!$B4)^2) -> 0.0069921594 | AA6: =($AA$2/$AU$1*(sub!AC4-sub!$B4)^2) -> 0.23035086 | AB6: =($AB$2*(sub!AD4-sub!$B4)^2) -> 2.5993225 | AC6: =($AC$2/$AU$1*(sub!AE4-sub!$B4)^2) -> 2.1742052 | AD6: =($AD$2/$AU$1*(sub!AF4-sub!$B4)^2) -> 20.843886 | AE6: =($AE$2/$AU$1*(sub!AG4-sub!$B4)^2) -> 0.5321336 | AF6: =($AF$2/$AU$1*(sub!AH4-sub!$B4)^2) -> 0.85167755 | AG6: =($AG$2/$AU$1*(sub!AI4-sub!$B4)^2) -> 1.7264868 | AH6: =($AH$2/$AU$1*(sub!AJ4-sub!$B4)^2) -> 2.2214534 | AI6: =($AI$2/$AU$1*(sub!AK4-sub!$B4)^2) -> 0.13128613 | AJ6: =($AJ$2/$AU$1*(sub!AL4-sub!$B4)^2) -> 2.4532924 | AK6: =($AK$2/$AU$1*(sub!AM4-sub!$B4)^2) -> 0.047409455 | AL6: =($AL$2/$AU$1*(sub!AN4-sub!$B4)^2) -> 0.042449122 | AM6: =($AM$2/$AU$1*(sub!AO4-sub!$B4)^2) -> 0.16223596 | AN6: =($AN$2/$AU$1*(sub!AP4-sub!$B4)^2) -> 0.0003099102 | AO6: =($AO$2/$AU$1*(sub!AQ4-sub!$B4)^2) -> 0.90567637 | AP6: =($AP$2/$AU$1*(sub!AR4-sub!$B4)^2) -> 0.52117891 | AQ6: =($AQ$2/$AU$1*(sub!AS4-sub!$B4)^2) -> 0.50738182 | AR6: =($AR$2/$AU$1*(sub!AT4-sub!$B4)^2) -> 2.1635612 | AS6: =($AS$2/$AU$1*(sub!AU4-sub!$B4)^2) -> 0.11325466 | AT6: =($AT$2/$AU$1*(sub!AV4-sub!$B4)^2) -> 2.4505901 | AV6: =SUM(B6:AT6) -> 88.053409
A7: 39933 | B7: =$B$2/$AU$1*(sub!D5-sub!$B5)^2 -> 3.6132498 | C7: =($C$2/$AU$1)*(sub!E5-sub!$B5)^2 -> 0.25543777 | D7: =($D$2/$AU$1)*(sub!F5-sub!$B5)^2 -> 0.254903 | E7: =($E$2/$AU$1*(sub!G5-sub!$B5)^2) -> 0.33838011 | F7: =($F$2/$AU$1*(sub!H5-sub!$B5)^2) -> 0.41446504 | G7: =($G$2*(sub!I5-sub!$B5)^2) -> 9.7499588 | H7: =($H$2/$AU$1*(sub!J5-sub!$B5)^2) -> 1.5757997 | I7: =($I$2/$AU$1*(sub!K5-sub!$B5)^2) -> 0.6026839 | J7: =($J$2/$AU$1*(sub!L5-sub!$B5)^2) -> 0.99134971 | K7: =($K$2/$AU$1*(sub!M5-sub!$B5)^2) -> 2.0539002 | L7: =($L$2/$AU$1*(sub!N5-sub!$B5)^2) -> 0.008866717 | M7: =($M$2/$AU$1*(sub!O5-sub!$B5)^2) -> 0.023159765 | N7: =($N$2/$AU$1*(sub!P5-sub!$B5)^2) -> 0.0022719457 | O7: =($O$2*(sub!Q5-sub!$B5)^2) -> 0.00051162867 | P7: =($P$2/$AU$1*(sub!R5-sub!$B5)^2) -> 0.2962193 | Q7: =($Q$2/$AU$1*(sub!S5-sub!$B5)^2) -> 0.20714465 | R7: =($R$2/$AU$1*(sub!T5-sub!$B5)^2) -> 0.19577734 | S7: =($S$2/$AU$1*(sub!U5-sub!$B5)^2) -> 0.13101179 | T7: =($T$2/$AU$1*(sub!V5-sub!$B5)^2) -> 0.89824416 | U7: =($U$2/$AU$1*(sub!W5-sub!$B5)^2) -> 0.46968351 | V7: =($V$2/$AU$1*(sub!X5-sub!$B5)^2) -> 0.45388998 | W7: =($W$2/$AU$1*(sub!Y5-sub!$B5)^2) -> 18.07848 | X7: =($X$2/$AU$1*(sub!Z5-sub!$B5)^2) -> 0.36456497 | Y7: =($Y$2/$AU$1*(sub!AA5-sub!$B5)^2) -> 0.28078127 | Z7: =($Z$2/$AU$1*(sub!AB5-sub!$B5)^2) -> 0.00040131107 | AA7: =($AA$2/$AU$1*(sub!AC5-sub!$B5)^2) -> 0.4604914 | AB7: =($AB$2*(sub!AD5-sub!$B5)^2) -> 2.7190067 | AC7: =($AC$2/$AU$1*(sub!AE5-sub!$B5)^2) -> 1.667769 | AD7: =($AD$2/$AU$1*(sub!AF5-sub!$B5)^2) -> 25.587263 | AE7: =($AE$2/$AU$1*(sub!AG5-sub!$B5)^2) -> 0.49171703 | AF7: =($AF$2/$AU$1*(sub!AH5-sub!$B5)^2) -> 1.3048956 | AG7: =($AG$2/$AU$1*(sub!AI5-sub!$B5)^2) -> 2.0498612 | AH7: =($AH$2/$AU$1*(sub!AJ5-sub!$B5)^2) -> 1.8632906 | AI7: =($AI$2/$AU$1*(sub!AK5-sub!$B5)^2) -> 0.10692925 | AJ7: =($AJ$2/$AU$1*(sub!AL5-sub!$B5)^2) -> 3.0422079 | AK7: =($AK$2/$AU$1*(sub!AM5-sub!$B5)^2) -> 0.04259904 | AL7: =($AL$2/$AU$1*(sub!AN5-sub!$B5)^2) -> 0.042055165 | AM7: =($AM$2/$AU$1*(sub!AO5-sub!$B5)^2) -> 0.16599979 | AN7: =($AN$2/$AU$1*(sub!AP5-sub!$B5)^2) -> 0.00046295803 | AO7: =($AO$2/$AU$1*(sub!AQ5-sub!$B5)^2) -> 1.248362 | AP7: =($AP$2/$AU$1*(sub!AR5-sub!$B5)^2) -> 0.42824388 | AQ7: =($AQ$2/$AU$1*(sub!AS5-sub!$B5)^2) -> 0.529377 | AR7: =($AR$2/$AU$1*(sub!AT5-sub!$B5)^2) -> 1.4120316 | AS7: =($AS$2/$AU$1*(sub!AU5-sub!$B5)^2) -> 0.1057472 | AT7: =($AT$2/$AU$1*(sub!AV5-sub!$B5)^2) -> 2.4679428 | AV7: =SUM(B7:AT7) -> 86.997389
A8: 39964 | B8: =$B$2/$AU$1*(sub!D6-sub!$B6)^2 -> 0.23860911 | C8: =($C$2/$AU$1)*(sub!E6-sub!$B6)^2 -> 0.23642334 | D8: =($D$2/$AU$1)*(sub!F6-sub!$B6)^2 -> 0.14818221 | E8: =($E$2/$AU$1*(sub!G6-sub!$B6)^2) -> 0.4143535 | F8: =($F$2/$AU$1*(sub!H6-sub!$B6)^2) -> 1.0887816 | G8: =($G$2*(sub!I6-sub!$B6)^2) -> 30.737032 | H8: =($H$2/$AU$1*(sub!J6-sub!$B6)^2) -> 1.52399 | I8: =($I$2/$AU$1*(sub!K6-sub!$B6)^2) -> 0.60695402 | J8: =($J$2/$AU$1*(sub!L6-sub!$B6)^2) -> 1.1219684 | K8: =($K$2/$AU$1*(sub!M6-sub!$B6)^2) -> 2.4374153 | L8: =($L$2/$AU$1*(sub!N6-sub!$B6)^2) -> 0.028791649 | M8: =($M$2/$AU$1*(sub!O6-sub!$B6)^2) -> 0.039387246 | N8: =($N$2/$AU$1*(sub!P6-sub!$B6)^2) -> 0.0043386227 | O8: =($O$2*(sub!Q6-sub!$B6)^2) -> 0.00018502605 | P8: =($P$2/$AU$1*(sub!R6-sub!$B6)^2) -> 0.32626044 | Q8: =($Q$2/$AU$1*(sub!S6-sub!$B6)^2) -> 0.19151941 | R8: =($R$2/$AU$1*(sub!T6-sub!$B6)^2) -> 0.19783085 | S8: =($S$2/$AU$1*(sub!U6-sub!$B6)^2) -> 0.090933235 | T8: =($T$2/$AU$1*(sub!V6-sub!$B6)^2) -> 0.72458977 | U8: =($U$2/$AU$1*(sub!W6-sub!$B6)^2) -> 0.30619482 | V8: =($V$2/$AU$1*(sub!X6-sub!$B6)^2) -> 0.38089205 | W8: =($W$2/$AU$1*(sub!Y6-sub!$B6)^2) -> 20.203799 | X8: =($X$2/$AU$1*(sub!Z6-sub!$B6)^2) -> 0.26989087 | Y8: =($Y$2/$AU$1*(sub!AA6-sub!$B6)^2) -> 0.2381713 | Z8: =($Z$2/$AU$1*(sub!AB6-sub!$B6)^2) -> 0.0070849014 | AA8: =($AA$2/$AU$1*(sub!AC6-sub!$B6)^2) -> 0.31125672 | AB8: =($AB$2*(sub!AD6-sub!$B6)^2) -> 5.7951807 | AC8: =($AC$2/$AU$1*(sub!AE6-sub!$B6)^2) -> 0.54925933 | AD8: =($AD$2/$AU$1*(sub!AF6-sub!$B6)^2) -> 36.207539 | AE8: =($AE$2/$AU$1*(sub!AG6-sub!$B6)^2) -> 0.44034326 | AF8: =($AF$2/$AU$1*(sub!AH6-sub!$B6)^2) -> 1.1619682 | AG8: =($AG$2/$AU$1*(sub!AI6-sub!$B6)^2) -> 2.3333291 | AH8: =($AH$2/$AU$1*(sub!AJ6-sub!$B6)^2) -> 1.6991749 | AI8: =($AI$2/$AU$1*(sub!AK6-sub!$B6)^2) -> 0.094023779 | AJ8: =($AJ$2/$AU$1*(sub!AL6-sub!$B6)^2) -> 3.0754122 | AK8: =($AK$2/$AU$1*(sub!AM6-sub!$B6)^2) -> 9.0655915e-06 | AL8: =($AL$2/$AU$1*(sub!AN6-sub!$B6)^2) -> 0.0392023 | AM8: =($AM$2/$AU$1*(sub!AO6-sub!$B6)^2) -> 0.1951359 | AN8: =($AN$2/$AU$1*(sub!AP6-sub!$B6)^2) -> 0.0025413369 | AO8: =($AO$2/$AU$1*(sub!AQ6-sub!$B6)^2) -> 0.92666061 | AP8: =($AP$2/$AU$1*(sub!AR6-sub!$B6)^2) -> 0.40153522 | AQ8: =($AQ$2/$AU$1*(sub!AS6-sub!$B6)^2) -> 0.62235128 | AR8: =($AR$2/$AU$1*(sub!AT6-sub!$B6)^2) -> 1.5048713 | AS8: =($AS$2/$AU$1*(sub!AU6-sub!$B6)^2) -> 0.058270011 | AT8: =($AT$2/$AU$1*(sub!AV6-sub!$B6)^2) -> 2.5980048 | AV8: =SUM(B8:AT8) -> 119.57965
A9: 39994 | B9: =$B$2/$AU$1*(sub!D7-sub!$B7)^2 -> 0.053207444 | C9: =($C$2/$AU$1)*(sub!E7-sub!$B7)^2 -> 0.11287876 | D9: =($D$2/$AU$1)*(sub!F7-sub!$B7)^2 -> 0.080788226 | E9: =($E$2/$AU$1*(sub!G7-sub!$B7)^2) -> 0.66265205 | F9: =($F$2/$AU$1*(sub!H7-sub!$B7)^2) -> 1.6584372 | G9: =($G$2*(sub!I7-sub!$B7)^2) -> 6.0495804 | H9: =($H$2/$AU$1*(sub!J7-sub!$B7)^2) -> 1.8067334 | I9: =($I$2/$AU$1*(sub!K7-sub!$B7)^2) -> 0.55718293 | J9: =($J$2/$AU$1*(sub!L7-sub!$B7)^2) -> 0.82735849 | K9: =($K$2/$AU$1*(sub!M7-sub!$B7)^2) -> 1.6769821 | L9: =($L$2/$AU$1*(sub!N7-sub!$B7)^2) -> 0.061204232 | M9: =($M$2/$AU$1*(sub!O7-sub!$B7)^2) -> 0.081629666 | N9: =($N$2/$AU$1*(sub!P7-sub!$B7)^2) -> 0.006147025 | O9: =($O$2*(sub!Q7-sub!$B7)^2) -> 1.8106335 | P9: =($P$2/$AU$1*(sub!R7-sub!$B7)^2) -> 0.41997565 | Q9: =($Q$2/$AU$1*(sub!S7-sub!$B7)^2) -> 0.10699036 | R9: =($R$2/$AU$1*(sub!T7-sub!$B7)^2) -> 0.095738025 | S9: =($S$2/$AU$1*(sub!U7-sub!$B7)^2) -> 0.080599624 | T9: =($T$2/$AU$1*(sub!V7-sub!$B7)^2) -> 0.62598019 | U9: =($U$2/$AU$1*(sub!W7-sub!$B7)^2) -> 0.25174944 | V9: =($V$2/$AU$1*(sub!X7-sub!$B7)^2) -> 0.17407765 | W9: =($W$2/$AU$1*(sub!Y7-sub!$B7)^2) -> 18.795174 | X9: =($X$2/$AU$1*(sub!Z7-sub!$B7)^2) -> 0.24689778 | Y9: =($Y$2/$AU$1*(sub!AA7-sub!$B7)^2) -> 0.29914499 | Z9: =($Z$2/$AU$1*(sub!AB7-sub!$B7)^2) -> 0.05234285 | AA9: =($AA$2/$AU$1*(sub!AC7-sub!$B7)^2) -> 0.33903139 | AB9: =($AB$2*(sub!AD7-sub!$B7)^2) -> 11.32793 | AC9: =($AC$2/$AU$1*(sub!AE7-sub!$B7)^2) -> 0.52581426 | AD9: =($AD$2/$AU$1*(sub!AF7-sub!$B7)^2) -> 39.85171 | AE9: =($AE$2/$AU$1*(sub!AG7-sub!$B7)^2) -> 0.51451545 | AF9: =($AF$2/$AU$1*(sub!AH7-sub!$B7)^2) -> 0.20264623 | AG9: =($AG$2/$AU$1*(sub!AI7-sub!$B7)^2) -> 2.8547388 | AH9: =($AH$2/$AU$1*(sub!AJ7-sub!$B7)^2) -> 1.1795715 | AI9: =($AI$2/$AU$1*(sub!AK7-sub!$B7)^2) -> 0.14750153 | AJ9: =($AJ$2/$AU$1*(sub!AL7-sub!$B7)^2) -> 3.3611622 | AK9: =($AK$2/$AU$1*(sub!AM7-sub!$B7)^2) -> 4.8311067e-06 | AL9: =($AL$2/$AU$1*(sub!AN7-sub!$B7)^2) -> 0.029918898 | AM9: =($AM$2/$AU$1*(sub!AO7-sub!$B7)^2) -> 0.3170305 | AN9: =($AN$2/$AU$1*(sub!AP7-sub!$B7)^2) -> 0.023279259 | AO9: =($AO$2/$AU$1*(sub!AQ7-sub!$B7)^2) -> 0.81353981 | AP9: =($AP$2/$AU$1*(sub!AR7-sub!$B7)^2) -> 0.63648152 | AQ9: =($AQ$2/$AU$1*(sub!AS7-sub!$B7)^2) -> 0.71051089 | AR9: =($AR$2/$AU$1*(sub!AT7-sub!$B7)^2) -> 1.8568204 | AS9: =($AS$2/$AU$1*(sub!AU7-sub!$B7)^2) -> 0.020305206 | AT9: =($AT$2/$AU$1*(sub!AV7-sub!$B7)^2) -> 3.3480939 | AV9: =SUM(B9:AT9) -> 104.65469
A10: 40025 | B10: =$B$2/$AU$1*(sub!D8-sub!$B8)^2 -> 0.35649926 | C10: =($C$2/$AU$1)*(sub!E8-sub!$B8)^2 -> 0.0050552653 | D10: =($D$2/$AU$1)*(sub!F8-sub!$B8)^2 -> 0.088085376 | E10: =($E$2/$AU$1*(sub!G8-sub!$B8)^2) -> 0.36866259 | F10: =($F$2/$AU$1*(sub!H8-sub!$B8)^2) -> 2.0222061 | G10: =($G$2*(sub!I8-sub!$B8)^2) -> 6.3057921 | H10: =($H$2/$AU$1*(sub!J8-sub!$B8)^2) -> 1.056801 | I10: =($I$2/$AU$1*(sub!K8-sub!$B8)^2) -> 0.27549047 | J10: =($J$2/$AU$1*(sub!L8-sub!$B8)^2) -> 0.51757985 | K10: =($K$2/$AU$1*(sub!M8-sub!$B8)^2) -> 1.4971459 | L10: =($L$2/$AU$1*(sub!N8-sub!$B8)^2) -> 0.21773366 | M10: =($M$2/$AU$1*(sub!O8-sub!$B8)^2) -> 0.069081603 | N10: =($N$2/$AU$1*(sub!P8-sub!$B8)^2) -> 0.006396384 | O10: =($O$2*(sub!Q8-sub!$B8)^2) -> 1.9537851 | P10: =($P$2/$AU$1*(sub!R8-sub!$B8)^2) -> 0.92506892 | Q10: =($Q$2/$AU$1*(sub!S8-sub!$B8)^2) -> 0.04787116 | R10: =($R$2/$AU$1*(sub!T8-sub!$B8)^2) -> 0.04634269 | S10: =($S$2/$AU$1*(sub!U8-sub!$B8)^2) -> 0.047098001 | T10: =($T$2/$AU$1*(sub!V8-sub!$B8)^2) -> 0.46828193 | U10: =($U$2/$AU$1*(sub!W8-sub!$B8)^2) -> 0.25145296 | V10: =($V$2/$AU$1*(sub!X8-sub!$B8)^2) -> 0.21139225 | W10: =($W$2/$AU$1*(sub!Y8-sub!$B8)^2) -> 17.28266 | X10: =($X$2/$AU$1*(sub!Z8-sub!$B8)^2) -> 0.21876115 | Y10: =($Y$2/$AU$1*(sub!AA8-sub!$B8)^2) -> 0.16921303 | Z10: =($Z$2/$AU$1*(sub!AB8-sub!$B8)^2) -> 0.089410743 | AA10: =($AA$2/$AU$1*(sub!AC8-sub!$B8)^2) -> 0.22125428 | AB10: =($AB$2*(sub!AD8-sub!$B8)^2) -> 13.438239 | AC10: =($AC$2/$AU$1*(sub!AE8-sub!$B8)^2) -> 0.83079244 | AD10: =($AD$2/$AU$1*(sub!AF8-sub!$B8)^2) -> 42.125977 | AE10: =($AE$2/$AU$1*(sub!AG8-sub!$B8)^2) -> 0.38570127 | AF10: =($AF$2/$AU$1*(sub!AH8-sub!$B8)^2) -> 0.3742571 | AG10: =($AG$2/$AU$1*(sub!AI8-sub!$B8)^2) -> 2.8069103 | AH10: =($AH$2/$AU$1*(sub!AJ8-sub!$B8)^2) -> 1.0362985 | AI10: =($AI$2/$AU$1*(sub!AK8-sub!$B8)^2) -> 0.21146061 | AJ10: =($AJ$2/$AU$1*(sub!AL8-sub!$B8)^2) -> 3.4127928 | AK10: =($AK$2/$AU$1*(sub!AM8-sub!$B8)^2) -> 0.00058530244 | AL10: =($AL$2/$AU$1*(sub!AN8-sub!$B8)^2) -> 0.027269284 | AM10: =($AM$2/$AU$1*(sub!AO8-sub!$B8)^2) -> 0.36125418 | AN10: =($AN$2/$AU$1*(sub!AP8-sub!$B8)^2) -> 0.034065516 | AO10: =($AO$2/$AU$1*(sub!AQ8-sub!$B8)^2) -> 0.81167808 | AP10: =($AP$2/$AU$1*(sub!AR8-sub!$B8)^2) -> 0.10179697 | AQ10: =($AQ$2/$AU$1*(sub!AS8-sub!$B8)^2) -> 0.76009822 | AR10: =($AR$2/$AU$1*(sub!AT8-sub!$B8)^2) -> 1.2042872 | AS10: =($AS$2/$AU$1*(sub!AU8-sub!$B8)^2) -> 1.2147847 | AT10: =($AT$2/$AU$1*(sub!AV8-sub!$B8)^2) -> 2.483132 | AV10: =SUM(B10:AT10) -> 106.3405
A11: 40056 | B11: =$B$2/$AU$1*(sub!D9-sub!$B9)^2 -> 1.3833376 | C11: =($C$2/$AU$1)*(sub!E9-sub!$B9)^2 -> 0.021031519 | D11: =($D$2/$AU$1)*(sub!F9-sub!$B9)^2 -> 0.079818299 | E11: =($E$2/$AU$1*(sub!G9-sub!$B9)^2) -> 0.28508752 | F11: =($F$2/$AU$1*(sub!H9-sub!$B9)^2) -> 2.4814037 | G11: =($G$2*(sub!I9-sub!$B9)^2) -> 15.865854 | H11: =($H$2/$AU$1*(sub!J9-sub!$B9)^2) -> 0.91460023 | I11: =($I$2/$AU$1*(sub!K9-sub!$B9)^2) -> 0.15074217 | J11: =($J$2/$AU$1*(sub!L9-sub!$B9)^2) -> 0.7276468 | K11: =($K$2/$AU$1*(sub!M9-sub!$B9)^2) -> 0.82919835 | L11: =($L$2/$AU$1*(sub!N9-sub!$B9)^2) -> 0.30996134 | M11: =($M$2/$AU$1*(sub!O9-sub!$B9)^2) -> 0.11995486 | N11: =($N$2/$AU$1*(sub!P9-sub!$B9)^2) -> 0.0081271899 | O11: =($O$2*(sub!Q9-sub!$B9)^2) -> 7.4103738 | P11: =($P$2/$AU$1*(sub!R9-sub!$B9)^2) -> 1.7792898 | Q11: =($Q$2/$AU$1*(sub!S9-sub!$B9)^2) -> 0.025441437 | R11: =($R$2/$AU$1*(sub!T9-sub!$B9)^2) -> 0.030980967 | S11: =($S$2/$AU$1*(sub!U9-sub!$B9)^2) -> 0.0045694493 | T11: =($T$2/$AU$1*(sub!V9-sub!$B9)^2) -> 0.19849274 | U11: =($U$2/$AU$1*(sub!W9-sub!$B9)^2) -> 0.033595783 | V11: =($V$2/$AU$1*(sub!X9-sub!$B9)^2) -> 0.43475954 | W11: =($W$2/$AU$1*(sub!Y9-sub!$B9)^2) -> 15.841134 | X11: =($X$2/$AU$1*(sub!Z9-sub!$B9)^2) -> 0.18749825 | Y11: =($Y$2/$AU$1*(sub!AA9-sub!$B9)^2) -> 0.10459486 | Z11: =($Z$2/$AU$1*(sub!AB9-sub!$B9)^2) -> 0.15450606 | AA11: =($AA$2/$AU$1*(sub!AC9-sub!$B9)^2) -> 0.33354649 | AB11: =($AB$2*(sub!AD9-sub!$B9)^2) -> 18.803934 | AC11: =($AC$2/$AU$1*(sub!AE9-sub!$B9)^2) -> 0.27537181 | AD11: =($AD$2/$AU$1*(sub!AF9-sub!$B9)^2) -> 41.050507 | AE11: =($AE$2/$AU$1*(sub!AG9-sub!$B9)^2) -> 0.53662795 | AF11: =($AF$2/$AU$1*(sub!AH9-sub!$B9)^2) -> 0.099581996 | AG11: =($AG$2/$AU$1*(sub!AI9-sub!$B9)^2) -> 2.9218415 | AH11: =($AH$2/$AU$1*(sub!AJ9-sub!$B9)^2) -> 0.54229492 | AI11: =($AI$2/$AU$1*(sub!AK9-sub!$B9)^2) -> 0.037833759 | AJ11: =($AJ$2/$AU$1*(sub!AL9-sub!$B9)^2) -> 4.4767691 | AK11: =($AK$2/$AU$1*(sub!AM9-sub!$B9)^2) -> 0.00098928631 | AL11: =($AL$2/$AU$1*(sub!AN9-sub!$B9)^2) -> 0.021793288 | AM11: =($AM$2/$AU$1*(sub!AO9-sub!$B9)^2) -> 0.47048698 | AN11: =($AN$2/$AU$1*(sub!AP9-sub!$B9)^2) -> 0.065560164 | AO11: =($AO$2/$AU$1*(sub!AQ9-sub!$B9)^2) -> 0.97358287 | AP11: =($AP$2/$AU$1*(sub!AR9-sub!$B9)^2) -> 0.024510045 | AQ11: =($AQ$2/$AU$1*(sub!AS9-sub!$B9)^2) -> 0.62701731 | AR11: =($AR$2/$AU$1*(sub!AT9-sub!$B9)^2) -> 1.4220478 | AS11: =($AS$2/$AU$1*(sub!AU9-sub!$B9)^2) -> 1.7146883 | AT11: =($AT$2/$AU$1*(sub!AV9-sub!$B9)^2) -> 2.0411077 | AV11: =SUM(B11:AT11) -> 125.82209
A12: 40086 | B12: =$B$2/$AU$1*(sub!D10-sub!$B10)^2 -> 2.9050783 | C12: =($C$2/$AU$1)*(sub!E10-sub!$B10)^2 -> 0.28723542 | D12: =($D$2/$AU$1)*(sub!F10-sub!$B10)^2 -> 0.0035804516 | E12: =($E$2/$AU$1*(sub!G10-sub!$B10)^2) -> 0.009399456 | F12: =($F$2/$AU$1*(sub!H10-sub!$B10)^2) -> 3.0414828 | G12: =($G$2*(sub!I10-sub!$B10)^2) -> 24.970457 | H12: =($H$2/$AU$1*(sub!J10-sub!$B10)^2) -> 1.4665172 | I12: =($I$2/$AU$1*(sub!K10-sub!$B10)^2) -> 0.11630617 | J12: =($J$2/$AU$1*(sub!L10-sub!$B10)^2) -> 0.30231918 | K12: =($K$2/$AU$1*(sub!M10-sub!$B10)^2) -> 0.41189458 | L12: =($L$2/$AU$1*(sub!N10-sub!$B10)^2) -> 0.14577776 | M12: =($M$2/$AU$1*(sub!O10-sub!$B10)^2) -> 0.079644888 | N12: =($N$2/$AU$1*(sub!P10-sub!$B10)^2) -> 0.0015436818 | O12: =($O$2*(sub!Q10-sub!$B10)^2) -> 0.46820652 | P12: =($P$2/$AU$1*(sub!R10-sub!$B10)^2) -> 1.3299672 | Q12: =($Q$2/$AU$1*(sub!S10-sub!$B10)^2) -> 0.054203447 | R12: =($R$2/$AU$1*(sub!T10-sub!$B10)^2) -> 0.041723503 | S12: =($S$2/$AU$1*(sub!U10-sub!$B10)^2) -> 0.060980637 | T12: =($T$2/$AU$1*(sub!V10-sub!$B10)^2) -> 0.29085835 | U12: =($U$2/$AU$1*(sub!W10-sub!$B10)^2) -> 0.0048238005 | V12: =($V$2/$AU$1*(sub!X10-sub!$B10)^2) -> 0.33365128 | W12: =($W$2/$AU$1*(sub!Y10-sub!$B10)^2) -> 14.116654 | X12: =($X$2/$AU$1*(sub!Z10-sub!$B10)^2) -> 0.28939136 | Y12: =($Y$2/$AU$1*(sub!AA10-sub!$B10)^2) -> 0.037361744 | Z12: =($Z$2/$AU$1*(sub!AB10-sub!$B10)^2) -> 0.069062335 | AA12: =($AA$2/$AU$1*(sub!AC10-sub!$B10)^2) -> 0.36072105 | AB12: =($AB$2*(sub!AD10-sub!$B10)^2) -> 15.559488 | AC12: =($AC$2/$AU$1*(sub!AE10-sub!$B10)^2) -> 0.78543541 | AD12: =($AD$2/$AU$1*(sub!AF10-sub!$B10)^2) -> 21.795188 | AE12: =($AE$2/$AU$1*(sub!AG10-sub!$B10)^2) -> 0.42194083 | AF12: =($AF$2/$AU$1*(sub!AH10-sub!$B10)^2) -> 0.73113141 | AG12: =($AG$2/$AU$1*(sub!AI10-sub!$B10)^2) -> 3.0800367 | AH12: =($AH$2/$AU$1*(sub!AJ10-sub!$B10)^2) -> 0.83970479 | AI12: =($AI$2/$AU$1*(sub!AK10-sub!$B10)^2) -> 8.5034723e-05 | AJ12: =($AJ$2/$AU$1*(sub!AL10-sub!$B10)^2) -> 3.3641411 | AK12: =($AK$2/$AU$1*(sub!AM10-sub!$B10)^2) -> 0.045800135 | AL12: =($AL$2/$AU$1*(sub!AN10-sub!$B10)^2) -> 0.024918519 | AM12: =($AM$2/$AU$1*(sub!AO10-sub!$B10)^2) -> 0.40491117 | AN12: =($AN$2/$AU$1*(sub!AP10-sub!$B10)^2) -> 0.045916483 | AO12: =($AO$2/$AU$1*(sub!AQ10-sub!$B10)^2) -> 1.0214881 | AP12: =($AP$2/$AU$1*(sub!AR10-sub!$B10)^2) -> 0.021842904 | AQ12: =($AQ$2/$AU$1*(sub!AS10-sub!$B10)^2) -> 0.4480446 | AR12: =($AR$2/$AU$1*(sub!AT10-sub!$B10)^2) -> 1.0346503 | AS12: =($AS$2/$AU$1*(sub!AU10-sub!$B10)^2) -> 1.8315111 | AT12: =($AT$2/$AU$1*(sub!AV10-sub!$B10)^2) -> 0.038622928 | AV12: =SUM(B12:AT12) -> 102.6937
A13: 40117 | B13: =$B$2/$AU$1*(sub!D11-sub!$B11)^2 -> 3.07503 | C13: =($C$2/$AU$1)*(sub!E11-sub!$B11)^2 -> 0.28723542 | D13: =($D$2/$AU$1)*(sub!F11-sub!$B11)^2 -> 0.0069171497 | E13: =($E$2/$AU$1*(sub!G11-sub!$B11)^2) -> 0.028496077 | F13: =($F$2/$AU$1*(sub!H11-sub!$B11)^2) -> 3.4029453 | G13: =($G$2*(sub!I11-sub!$B11)^2) -> 31.037725 | H13: =($H$2/$AU$1*(sub!J11-sub!$B11)^2) -> 1.7861131 | I13: =($I$2/$AU$1*(sub!K11-sub!$B11)^2) -> 0.022261728 | J13: =($J$2/$AU$1*(sub!L11-sub!$B11)^2) -> 0.10171565 | K13: =($K$2/$AU$1*(sub!M11-sub!$B11)^2) -> 0.251163 | L13: =($L$2/$AU$1*(sub!N11-sub!$B11)^2) -> 0.22779041 | M13: =($M$2/$AU$1*(sub!O11-sub!$B11)^2) -> 0.079644888 | N13: =($N$2/$AU$1*(sub!P11-sub!$B11)^2) -> 0.0033320336 | O13: =($O$2*(sub!Q11-sub!$B11)^2) -> 0.46820652 | P13: =($P$2/$AU$1*(sub!R11-sub!$B11)^2) -> 1.1240113 | Q13: =($Q$2/$AU$1*(sub!S11-sub!$B11)^2) -> 0.042713091 | R13: =($R$2/$AU$1*(sub!T11-sub!$B11)^2) -> 0.042 | S13: =($S$2/$AU$1*(sub!U11-sub!$B11)^2) -> 0.060980637 | T13: =($T$2/$AU$1*(sub!V11-sub!$B11)^2) -> 0.29085835 | U13: =($U$2/$AU$1*(sub!W11-sub!$B11)^2) -> 0.00010282757 | V13: =($V$2/$AU$1*(sub!X11-sub!$B11)^2) -> 0.33365128 | W13: =($W$2/$AU$1*(sub!Y11-sub!$B11)^2) -> 12.32676 | X13: =($X$2/$AU$1*(sub!Z11-sub!$B11)^2) -> 0.28939136 | Y13: =($Y$2/$AU$1*(sub!AA11-sub!$B11)^2) -> 0.016179095 | Z13: =($Z$2/$AU$1*(sub!AB11-sub!$B11)^2) -> 0.029253337 | AA13: =($AA$2/$AU$1*(sub!AC11-sub!$B11)^2) -> 0.36072105 | AB13: =($AB$2*(sub!AD11-sub!$B11)^2) -> 15.559488 | AC13: =($AC$2/$AU$1*(sub!AE11-sub!$B11)^2) -> 0.78543541 | AD13: =($AD$2/$AU$1*(sub!AF11-sub!$B11)^2) -> 24.975248 | AE13: =($AE$2/$AU$1*(sub!AG11-sub!$B11)^2) -> 0.31266478 | AF13: =($AF$2/$AU$1*(sub!AH11-sub!$B11)^2) -> 0.73212638 | AG13: =($AG$2/$AU$1*(sub!AI11-sub!$B11)^2) -> 4.5089184 | AH13: =($AH$2/$AU$1*(sub!AJ11-sub!$B11)^2) -> 0.83970479 | AI13: =($AI$2/$AU$1*(sub!AK11-sub!$B11)^2) -> 0.025824596 | AJ13: =($AJ$2/$AU$1*(sub!AL11-sub!$B11)^2) -> 3.3641411 | AK13: =($AK$2/$AU$1*(sub!AM11-sub!$B11)^2) -> 0.06630003 | AL13: =($AL$2/$AU$1*(sub!AN11-sub!$B11)^2) -> 0.024918519 | AM13: =($AM$2/$AU$1*(sub!AO11-sub!$B11)^2) -> 0.40491117 | AN13: =($AN$2/$AU$1*(sub!AP11-sub!$B11)^2) -> 0.045916483 | AO13: =($AO$2/$AU$1*(sub!AQ11-sub!$B11)^2) -> 0.06716794 | AP13: =($AP$2/$AU$1*(sub!AR11-sub!$B11)^2) -> 0.048880247 | AQ13: =($AQ$2/$AU$1*(sub!AS11-sub!$B11)^2) -> 0.29483734 | AR13: =($AR$2/$AU$1*(sub!AT11-sub!$B11)^2) -> 0.086540324 | AS13: =($AS$2/$AU$1*(sub!AU11-sub!$B11)^2) -> 2.7101806 | AT13: =($AT$2/$AU$1*(sub!AV11-sub!$B11)^2) -> 0.038622928 | AV13: =SUM(B13:AT13) -> 110.58703
A14: 40147 | B14: =$B$2/$AU$1*(sub!D12-sub!$B12)^2 -> 3.4230926 | C14: =($C$2/$AU$1)*(sub!E12-sub!$B12)^2 -> 0.36684313 | D14: =($D$2/$AU$1)*(sub!F12-sub!$B12)^2 -> 0.00023625594 | E14: =($E$2/$AU$1*(sub!G12-sub!$B12)^2) -> 0.14472424 | F14: =($F$2/$AU$1*(sub!H12-sub!$B12)^2) -> 3.2361409 | G14: =($G$2*(sub!I12-sub!$B12)^2) -> 34.953056 | H14: =($H$2/$AU$1*(sub!J12-sub!$B12)^2) -> 0.67404572 | I14: =($I$2/$AU$1*(sub!K12-sub!$B12)^2) -> 0.028581816 | J14: =($J$2/$AU$1*(sub!L12-sub!$B12)^2) -> 0.078853303 | K14: =($K$2/$AU$1*(sub!M12-sub!$B12)^2) -> 0.19564284 | L14: =($L$2/$AU$1*(sub!N12-sub!$B12)^2) -> 0.19623767 | M14: =($M$2/$AU$1*(sub!O12-sub!$B12)^2) -> 0.091763446 | N14: =($N$2/$AU$1*(sub!P12-sub!$B12)^2) -> 0.0083046151 | O14: =($O$2*(sub!Q12-sub!$B12)^2) -> 0.99652038 | P14: =($P$2/$AU$1*(sub!R12-sub!$B12)^2) -> 1.2359353 | Q14: =($Q$2/$AU$1*(sub!S12-sub!$B12)^2) -> 0.027831218 | R14: =($R$2/$AU$1*(sub!T12-sub!$B12)^2) -> 0.027414625 | S14: =($S$2/$AU$1*(sub!U12-sub!$B12)^2) -> 0.039047316 | T14: =($T$2/$AU$1*(sub!V12-sub!$B12)^2) -> 0.2120299 | U14: =($U$2/$AU$1*(sub!W12-sub!$B12)^2) -> 3.6227645e-05 | V14: =($V$2/$AU$1*(sub!X12-sub!$B12)^2) -> 0.38914557 | W14: =($W$2/$AU$1*(sub!Y12-sub!$B12)^2) -> 13.455617 | X14: =($X$2/$AU$1*(sub!Z12-sub!$B12)^2) -> 0.32716344 | Y14: =($Y$2/$AU$1*(sub!AA12-sub!$B12)^2) -> 0.0018705931 | Z14: =($Z$2/$AU$1*(sub!AB12-sub!$B12)^2) -> 0.041194422 | AA14: =($AA$2/$AU$1*(sub!AC12-sub!$B12)^2) -> 0.16867843 | AB14: =($AB$2*(sub!AD12-sub!$B12)^2) -> 17.355197 | AC14: =($AC$2/$AU$1*(sub!AE12-sub!$B12)^2) -> 0.68755667 | AD14: =($AD$2/$AU$1*(sub!AF12-sub!$B12)^2) -> 17.119631 | AE14: =($AE$2/$AU$1*(sub!AG12-sub!$B12)^2) -> 0.30713792 | AF14: =($AF$2/$AU$1*(sub!AH12-sub!$B12)^2) -> 0.5389763 | AG14: =($AG$2/$AU$1*(sub!AI12-sub!$B12)^2) -> 5.1145738 | AH14: =($AH$2/$AU$1*(sub!AJ12-sub!$B12)^2) -> 0.75016442 | AI14: =($AI$2/$AU$1*(sub!AK12-sub!$B12)^2) -> 0.1244973 | AJ14: =($AJ$2/$AU$1*(sub!AL12-sub!$B12)^2) -> 3.482932 | AK14: =($AK$2/$AU$1*(sub!AM12-sub!$B12)^2) -> 0.00024541323 | AL14: =($AL$2/$AU$1*(sub!AN12-sub!$B12)^2) -> 0.02312673 | AM14: =($AM$2/$AU$1*(sub!AO12-sub!$B12)^2) -> 0.44136355 | AN14: =($AN$2/$AU$1*(sub!AP12-sub!$B12)^2) -> 0.056588412 | AO14: =($AO$2/$AU$1*(sub!AQ12-sub!$B12)^2) -> 0.091314604 | AP14: =($AP$2/$AU$1*(sub!AR12-sub!$B12)^2) -> 0.030771732 | AQ14: =($AQ$2/$AU$1*(sub!AS12-sub!$B12)^2) -> 0.16716199 | AR14: =($AR$2/$AU$1*(sub!AT12-sub!$B12)^2) -> 0.10600078 | AS14: =($AS$2/$AU$1*(sub!AU12-sub!$B12)^2) -> 2.9402237 | AT14: =($AT$2/$AU$1*(sub!AV12-sub!$B12)^2) -> 0.052856427 | AV14: =SUM(B14:AT14) -> 109.71033
A15: 40178 | B15: =$B$2/$AU$1*(sub!D13-sub!$B13)^2 -> 3.7911747 | C15: =($C$2/$AU$1)*(sub!E13-sub!$B13)^2 -> 0.90681782 | D15: =($D$2/$AU$1)*(sub!F13-sub!$B13)^2 -> 0.013828194 | E15: =($E$2/$AU$1*(sub!G13-sub!$B13)^2) -> 0.096463468 | F15: =($F$2/$AU$1*(sub!H13-sub!$B13)^2) -> 3.3134925 | G15: =($G$2*(sub!I13-sub!$B13)^2) -> 9.2921336 | H15: =($H$2/$AU$1*(sub!J13-sub!$B13)^2) -> 0.00036700583 | I15: =($I$2/$AU$1*(sub!K13-sub!$B13)^2) -> 0.050667187 | J15: =($J$2/$AU$1*(sub!L13-sub!$B13)^2) -> 0.01868418 | K15: =($K$2/$AU$1*(sub!M13-sub!$B13)^2) -> 0.14486886 | L15: =($L$2/$AU$1*(sub!N13-sub!$B13)^2) -> 0.1384614 | M15: =($M$2/$AU$1*(sub!O13-sub!$B13)^2) -> 0.04386269 | N15: =($N$2/$AU$1*(sub!P13-sub!$B13)^2) -> 0.0058141677 | O15: =($O$2*(sub!Q13-sub!$B13)^2) -> 0.46820652 | P15: =($P$2/$AU$1*(sub!R13-sub!$B13)^2) -> 1.1712453 | Q15: =($Q$2/$AU$1*(sub!S13-sub!$B13)^2) -> 0.070636292 | R15: =($R$2/$AU$1*(sub!T13-sub!$B13)^2) -> 0.042553263 | S15: =($S$2/$AU$1*(sub!U13-sub!$B13)^2) -> 0.090009205 | T15: =($T$2/$AU$1*(sub!V13-sub!$B13)^2) -> 0.63640767 | U15: =($U$2/$AU$1*(sub!W13-sub!$B13)^2) -> 0.0019471907 | V15: =($V$2/$AU$1*(sub!X13-sub!$B13)^2) -> 0.33365128 | W15: =($W$2/$AU$1*(sub!Y13-sub!$B13)^2) -> 12.145622 | X15: =($X$2/$AU$1*(sub!Z13-sub!$B13)^2) -> 0.37512181 | Y15: =($Y$2/$AU$1*(sub!AA13-sub!$B13)^2) -> 1.5679856e-05 | Z15: =($Z$2/$AU$1*(sub!AB13-sub!$B13)^2) -> 0.017247231 | AA15: =($AA$2/$AU$1*(sub!AC13-sub!$B13)^2) -> 0.16885061 | AB15: =($AB$2*(sub!AD13-sub!$B13)^2) -> 15.559488 | AC15: =($AC$2/$AU$1*(sub!AE13-sub!$B13)^2) -> 0.94400826 | AD15: =($AD$2/$AU$1*(sub!AF13-sub!$B13)^2) -> 0.058390713 | AE15: =($AE$2/$AU$1*(sub!AG13-sub!$B13)^2) -> 0.18700506 | AF15: =($AF$2/$AU$1*(sub!AH13-sub!$B13)^2) -> 1.0396376 | AG15: =($AG$2/$AU$1*(sub!AI13-sub!$B13)^2) -> 6.3408208 | AH15: =($AH$2/$AU$1*(sub!AJ13-sub!$B13)^2) -> 0.83970479 | AI15: =($AI$2/$AU$1*(sub!AK13-sub!$B13)^2) -> 0.089444954 | AJ15: =($AJ$2/$AU$1*(sub!AL13-sub!$B13)^2) -> 3.1571008 | AK15: =($AK$2/$AU$1*(sub!AM13-sub!$B13)^2) -> 0.05516901 | AL15: =($AL$2/$AU$1*(sub!AN13-sub!$B13)^2) -> 0.024918519 | AM15: =($AM$2/$AU$1*(sub!AO13-sub!$B13)^2) -> 0.40491117 | AN15: =($AN$2/$AU$1*(sub!AP13-sub!$B13)^2) -> 0.045916483 | AO15: =($AO$2/$AU$1*(sub!AQ13-sub!$B13)^2) -> 0.21344116 | AP15: =($AP$2/$AU$1*(sub!AR13-sub!$B13)^2) -> 4.0639832e-06 | AQ15: =($AQ$2/$AU$1*(sub!AS13-sub!$B13)^2) -> 0.10107162 | AR15: =($AR$2/$AU$1*(sub!AT13-sub!$B13)^2) -> 0.086540324 | AS15: =($AS$2/$AU$1*(sub!AU13-sub!$B13)^2) -> 2.7101806 | AT15: =($AT$2/$AU$1*(sub!AV13-sub!$B13)^2) -> 0.038622928 | AV15: =SUM(B15:AT15) -> 65.234527
A16: 40209 | B16: =$B$2/$AU$1*(sub!D14-sub!$B14)^2 -> 3.2337789 | C16: =($C$2/$AU$1)*(sub!E14-sub!$B14)^2 -> 1.0226093 | D16: =($D$2/$AU$1)*(sub!F14-sub!$B14)^2 -> 0.014450508 | E16: =($E$2/$AU$1*(sub!G14-sub!$B14)^2) -> 0.024656617 | F16: =($F$2/$AU$1*(sub!H14-sub!$B14)^2) -> 3.5240372 | G16: =($G$2*(sub!I14-sub!$B14)^2) -> 15.069623 | H16: =($H$2/$AU$1*(sub!J14-sub!$B14)^2) -> 0.5632679 | I16: =($I$2/$AU$1*(sub!K14-sub!$B14)^2) -> 0.0094450265 | J16: =($J$2/$AU$1*(sub!L14-sub!$B14)^2) -> 0.045377675 | K16: =($K$2/$AU$1*(sub!M14-sub!$B14)^2) -> 0.10995103 | L16: =($L$2/$AU$1*(sub!N14-sub!$B14)^2) -> 0.24048139 | M16: =($M$2/$AU$1*(sub!O14-sub!$B14)^2) -> 0.032879299 | N16: =($N$2/$AU$1*(sub!P14-sub!$B14)^2) -> 0.0086506395 | O16: =($O$2*(sub!Q14-sub!$B14)^2) -> 1.0706572 | P16: =($P$2/$AU$1*(sub!R14-sub!$B14)^2) -> 1.1654434 | Q16: =($Q$2/$AU$1*(sub!S14-sub!$B14)^2) -> 0.11334203 | R16: =($R$2/$AU$1*(sub!T14-sub!$B14)^2) -> 0.09257808 | S16: =($S$2/$AU$1*(sub!U14-sub!$B14)^2) -> 0.05999889 | T16: =($T$2/$AU$1*(sub!V14-sub!$B14)^2) -> 0.50374365 | U16: =($U$2/$AU$1*(sub!W14-sub!$B14)^2) -> 0.0029991969 | V16: =($V$2/$AU$1*(sub!X14-sub!$B14)^2) -> 0.395867 | W16: =($W$2/$AU$1*(sub!Y14-sub!$B14)^2) -> 12.520255 | X16: =($X$2/$AU$1*(sub!Z14-sub!$B14)^2) -> 0.40700416 | Y16: =($Y$2/$AU$1*(sub!AA14-sub!$B14)^2) -> 0.062678253 | Z16: =($Z$2/$AU$1*(sub!AB14-sub!$B14)^2) -> 0.012021753 | AA16: =($AA$2/$AU$1*(sub!AC14-sub!$B14)^2) -> 0.1342159 | AB16: =($AB$2*(sub!AD14-sub!$B14)^2) -> 17.570097 | AC16: =($AC$2/$AU$1*(sub!AE14-sub!$B14)^2) -> 1.1677033 | AD16: =($AD$2/$AU$1*(sub!AF14-sub!$B14)^2) -> 26.404562 | AE16: =($AE$2/$AU$1*(sub!AG14-sub!$B14)^2) -> 0.11447354 | AF16: =($AF$2/$AU$1*(sub!AH14-sub!$B14)^2) -> 0.94928846 | AG16: =($AG$2/$AU$1*(sub!AI14-sub!$B14)^2) -> 7.4451944 | AH16: =($AH$2/$AU$1*(sub!AJ14-sub!$B14)^2) -> 0.74092978 | AI16: =($AI$2/$AU$1*(sub!AK14-sub!$B14)^2) -> 0.14244219 | AJ16: =($AJ$2/$AU$1*(sub!AL14-sub!$B14)^2) -> 3.3743207 | AK16: =($AK$2/$AU$1*(sub!AM14-sub!$B14)^2) -> 0.011581181 | AL16: =($AL$2/$AU$1*(sub!AN14-sub!$B14)^2) -> 0.022922971 | AM16: =($AM$2/$AU$1*(sub!AO14-sub!$B14)^2) -> 0.4456988 | AN16: =($AN$2/$AU$1*(sub!AP14-sub!$B14)^2) -> 0.057900014 | AO16: =($AO$2/$AU$1*(sub!AQ14-sub!$B14)^2) -> 0.15716348 | AP16: =($AP$2/$AU$1*(sub!AR14-sub!$B14)^2) -> 0.072067771 | AQ16: =($AQ$2/$AU$1*(sub!AS14-sub!$B14)^2) -> 0.044042496 | AR16: =($AR$2/$AU$1*(sub!AT14-sub!$B14)^2) -> 0.088487017 | AS16: =($AS$2/$AU$1*(sub!AU14-sub!$B14)^2) -> 2.8242799 | AT16: =($AT$2/$AU$1*(sub!AV14-sub!$B14)^2) -> 0.016719922 | AV16: =SUM(B16:AT16) -> 102.08989
... A206: 45991 | B206: =$B$2/$AU$1*(sub!D204-sub!$B204)^2 -> 0.13516586 | C206: =($C$2/$AU$1)*(sub!E204-sub!$B204)^2 -> 3.8223915 | D206: =($D$2/$AU$1)*(sub!F204-sub!$B204)^2 -> 0.00042146804 | E206: =($E$2/$AU$1*(sub!G204-sub!$B204)^2) -> 0.40443767 | F206: =($F$2/$AU$1*(sub!H204-sub!$B204)^2) -> 0.024781595 | G206: =($G$2*(sub!I204-sub!$B204)^2) -> 21.522785 | H206: =($H$2/$AU$1*(sub!J204-sub!$B204)^2) -> 0.58373463 | I206: =($I$2/$AU$1*(sub!K204-sub!$B204)^2) -> 7.4269964e-05 | J206: =($J$2/$AU$1*(sub!L204-sub!$B204)^2) -> 0.0031062093 | K206: =($K$2/$AU$1*(sub!M204-sub!$B204)^2) -> 0.13188155 | L206: =($L$2/$AU$1*(sub!N204-sub!$B204)^2) -> 0.044423611 | M206: =($M$2/$AU$1*(sub!O204-sub!$B204)^2) -> 0.00035056882 | N206: =($N$2/$AU$1*(sub!P204-sub!$B204)^2) -> 0.019046067 | O206: =($O$2*(sub!Q204-sub!$B204)^2) -> 2.4358653 | P206: =($P$2/$AU$1*(sub!R204-sub!$B204)^2) -> 0.0089930372 | Q206: =($Q$2/$AU$1*(sub!S204-sub!$B204)^2) -> 0.16463963 | R206: =($R$2/$AU$1*(sub!T204-sub!$B204)^2) -> 0.050921793 | S206: =($S$2/$AU$1*(sub!U204-sub!$B204)^2) -> 0.0037740321 | T206: =($T$2/$AU$1*(sub!V204-sub!$B204)^2) -> 0.027286974 | U206: =($U$2/$AU$1*(sub!W204-sub!$B204)^2) -> 6.4128192e-05 | V206: =($V$2/$AU$1*(sub!X204-sub!$B204)^2) -> 0.47011476 | W206: =($W$2/$AU$1*(sub!Y204-sub!$B204)^2) -> 0.79249644 | X206: =($X$2/$AU$1*(sub!Z204-sub!$B204)^2) -> 0.28182894 | Y206: =($Y$2/$AU$1*(sub!AA204-sub!$B204)^2) -> 0.1997947 | Z206: =($Z$2/$AU$1*(sub!AB204-sub!$B204)^2) -> 0.0015118003 | AA206: =($AA$2/$AU$1*(sub!AC204-sub!$B204)^2) -> 0.0021129447 | AB206: =($AB$2*(sub!AD204-sub!$B204)^2) -> 3.8678619 | AC206: =($AC$2/$AU$1*(sub!AE204-sub!$B204)^2) -> 0.37999561 | AD206: =($AD$2/$AU$1*(sub!AF204-sub!$B204)^2) -> 0.45031676 | AE206: =($AE$2/$AU$1*(sub!AG204-sub!$B204)^2) -> 0.085390644 | AF206: =($AF$2/$AU$1*(sub!AH204-sub!$B204)^2) -> 0.78947457 | AG206: =($AG$2/$AU$1*(sub!AI204-sub!$B204)^2) -> 2.3295109 | AH206: =($AH$2/$AU$1*(sub!AJ204-sub!$B204)^2) -> 0.022419748 | AI206: =($AI$2/$AU$1*(sub!AK204-sub!$B204)^2) -> 0.15819604 | AJ206: =($AJ$2/$AU$1*(sub!AL204-sub!$B204)^2) -> 0.0094144307 | AK206: =($AK$2/$AU$1*(sub!AM204-sub!$B204)^2) -> 0.0064950909 | AL206: =($AL$2/$AU$1*(sub!AN204-sub!$B204)^2) -> 0.00028753312 | AM206: =($AM$2/$AU$1*(sub!AO204-sub!$B204)^2) -> 0.031576975 | AN206: =($AN$2/$AU$1*(sub!AP204-sub!$B204)^2) -> 0.00038610873 | AO206: =($AO$2/$AU$1*(sub!AQ204-sub!$B204)^2) -> 0.038552066 | AP206: =($AP$2/$AU$1*(sub!AR204-sub!$B204)^2) -> 0.0037025623 | AQ206: =($AQ$2/$AU$1*(sub!AS204-sub!$B204)^2) -> 0.063403031 | AR206: =($AR$2/$AU$1*(sub!AT204-sub!$B204)^2) -> 0.0062978028 | AS206: =($AS$2/$AU$1*(sub!AU204-sub!$B204)^2) -> 1.4113059 | AT206: =($AT$2/$AU$1*(sub!AV204-sub!$B204)^2) -> 0.057562007 | AV206: =SUM(B206:AT206) -> 40.844154

Sheet Choi (2010)
A1: month | B1: cerealprod | C1: meat | D1: fish_seafood | E1: milk_dairy_eggs | F1: oil_fats | G1: fruit_nuts | H1: veggies | I1: sugar_dess | J1: other_food | K1: hot_bev | L1: cold_bev | M1: spirits | N1: wine | O1: beer | P1: tobacco | Q1: clothing | R1: footwear | S1: rentals | T1: OER | U1: main_repairs | V1: water_sup_serv | W1: electr_ofuels | X1: furn_carp | Y1: app_table_equip | Z1: gs_for_housemain | AA1: med_healthpro | AB1: health_serv | AC1: purch_vehicle | AD1: fuel | AE1: other_op_pers_trans_equip | AF1: pass_trans_serv | AG1: inf_com_equip | AH1: info_com_serv | AI1: recr_goods_gardnprod | AJ1: recr_cult_serv | AK1: news_book_stat | AL1: pack_hol | AM1: prim_sec_edu | AN1: tert_edu | AO1: restaurants | AP1: accom_serv | AQ1: pers_care | AR1: other_serv | AS1: insurance | AT1: fin_serv | AU1: 100
B2: 4.14 | C2: 5.1 | D2: 0.43 | E2: 1.83 | F2: 0.82 | G2: 0.62 | H2: 1.74 | I2: 0.92 | J2: 1.24 | K2: 0.39 | L2: 1 | M2: 0.77 | N2: 0.47 | O2: 1.77 | P2: 1.13 | Q2: 2.85 | R2: 1.05 | S2: 4.37 | T2: 11.16 | U2: 0.64 | V2: 3.83 | W2: 4.1 | X2: 0.53 | Y2: 0.38 | Z2: 1.83 | AA2: 0.9 | AB2: 0.88 | AC2: 5.61 | AD2: 3.89 | AE2: 1.39 | AF2: 2.91 | AG2: 0.94 | AH2: 4.53 | AI2: 0.78 | AJ2: 1.85 | AK2: 0.25 | AL2: 0.06 | AM2: 1.41 | AN2: 1 | AO2: 4.75 | AP2: 1.37 | AQ2: 1.01 | AR2: 1.77 | AS2: 8.41 | AT2: 2 | AV2: rpd
B3: =B2/$Q$2 -> 1.4526316 | C3: =C2/$Q$2 -> 1.7894737 | D3: =D2/$Q$2 -> 0.15087719 | E3: =E2/$Q$2 -> 0.64210526 | F3: =F2/$Q$2 -> 0.2877193 | G3: =G2/$Q$2 -> 0.21754386 | H3: =H2/$Q$2 -> 0.61052632 | I3: =I2/$Q$2 -> 0.32280702 | ... AT3: =AT2/$Q$2 -> 0.70175439
A4: 39844 | B4: =($B$2/$AU$1*(sub!D2-sub!$B2)^2)^1/2 -> 8.0034934 | C4: =($C$2/$AU$1*(sub!E2-sub!$B2)^2)^1/2 -> 0.0014754505 | D4: =($D$2/$AU$1*(sub!F2-sub!$B2)^2)^1/2 -> 0.26455598 | E4: =($E$2/$AU$1*(sub!G2-sub!$B2)^2)^1/2 -> 0.41209613 | F4: =($F$2/$AU$1*(sub!H2-sub!$B2)^2)^1/2 -> 2.1129033 | G4: =($G$2/$AU$1*(sub!I2-sub!$B2)^2)^1/2 -> 0.0085727027 | H4: =($H$2/$AU$1*(sub!J2-sub!$B2)^2)^1/2 -> 1.0319956 | I4: =($I$2/$AU$1*(sub!K2-sub!$B2)^2)^1/2 -> 0.1101564 | J4: =($J$2/$AU$1*(sub!L2-sub!$B2)^2)^1/2 -> 0.63187577 | K4: =($K$2/$AU$1*(sub!M2-sub!$B2)^2)^1/2 -> 0.45391859 | L4: =($L$2/$AU$1*(sub!N2-sub!$B2)^2)^1/2 -> 0.0038973045 | M4: =($M$2/$AU$1*(sub!O2-sub!$B2)^2)^1/2 -> 0.08418517 | N4: =($N$2/$AU$1*(sub!P2-sub!$B2)^2)^1/2 -> 0.0029758642 | O4: =($O$2/$AU$1*(sub!Q2-sub!$B2)^2)^1/2 -> 0.013334926 | P4: =($P$2/$AU$1*(sub!R2-sub!$B2)^2)^1/2 -> 0.12665306 | Q4: =($Q$2/$AU$1*(sub!S2-sub!$B2)^2)^1/2 -> 0.21896311 | R4: =($R$2/$AU$1*(sub!T2-sub!$B2)^2)^1/2 -> 0.12873731 | S4: =($S$2/$AU$1*(sub!U2-sub!$B2)^2)^1/2 -> 0.0021619927 | T4: =($T$2/$AU$1*(sub!V2-sub!$B2)^2)^1/2 -> 0.071683771 | U4: =($U$2/$AU$1*(sub!W2-sub!$B2)^2)^1/2 -> 0.21381098 | V4: =($V$2/$AU$1*(sub!X2-sub!$B2)^2)^1/2 -> 0.19425959 | W4: =($W$2/$AU$1*(sub!Y2-sub!$B2)^2)^1/2 -> 10.723529 | X4: =($X$2/$AU$1*(sub!Z2-sub!$B2)^2)^1/2 -> 0.16125026 | Y4: =($Y$2/$AU$1*(sub!AA2-sub!$B2)^2)^1/2 -> 0.013432748 | Z4: =($Z$2/$AU$1*(sub!AB2-sub!$B2)^2)^1/2 -> 0.00018533898 | AA4: =($AA$2/$AU$1*(sub!AC2-sub!$B2)^2)^1/2 -> 0.0012561992 | AB4: =($AB$2/$AU$1*(sub!AD2-sub!$B2)^2)^1/2 -> 0.0014429288 | AC4: =($AC$2/$AU$1*(sub!AE2-sub!$B2)^2)^1/2 -> 1.3837528 | AD4: =($AD$2/$AU$1*(sub!AF2-sub!$B2)^2)^1/2 -> 16.081219 | AE4: =($AE$2/$AU$1*(sub!AG2-sub!$B2)^2)^1/2 -> 0.14527768 | AF4: =($AF$2/$AU$1*(sub!AH2-sub!$B2)^2)^1/2 -> 1.1572781 | AG4: =($AG$2/$AU$1*(sub!AI2-sub!$B2)^2)^1/2 -> 0.82055977 | AH4: =($AH$2/$AU$1*(sub!AJ2-sub!$B2)^2)^1/2 -> 1.0186131 | AI4: =($AI$2/$AU$1*(sub!AK2-sub!$B2)^2)^1/2 -> 0.016589151 | AJ4: =($AJ$2/$AU$1*(sub!AL2-sub!$B2)^2)^1/2 -> 0.082494333 | AK4: =($AK$2/$AU$1*(sub!AM2-sub!$B2)^2)^1/2 -> 0.0011915757 | AL4: =($AL$2/$AU$1*(sub!AN2-sub!$B2)^2)^1/2 -> 0.019753818 | AM4: =($AM$2/$AU$1*(sub!AO2-sub!$B2)^2)^1/2 -> 0.0036566722 | AN4: =($AN$2/$AU$1*(sub!AP2-sub!$B2)^2)^1/2 -> 0.0085782043 | AO4: =($AO$2/$AU$1*(sub!AQ2-sub!$B2)^2)^1/2 -> 0.56554374 | AP4: =($AP$2/$AU$1*(sub!AR2-sub!$B2)^2)^1/2 -> 0.23313871 | AQ4: =($AQ$2/$AU$1*(sub!AS2-sub!$B2)^2)^1/2 -> 0.078968542 | AR4: =($AR$2/$AU$1*(sub!AT2-sub!$B2)^2)^1/2 -> 1.1406125 | AS4: =($AS$2/$AU$1*(sub!AU2-sub!$B2)^2)^1/2 -> 0.12806263 | AT4: =($AT$2/$AU$1*(sub!AV2-sub!$B2)^2)^1/2 -> 0.81510177 | AV4: =SUM(B4:AT4)/COUNT(B4:AT4) -> 1.082071 | AW4: =LOG(AV4) -> 0.034255756
A5: 39872 | B5: =($B$2/$AU$1*(sub!D3-sub!$B3)^2)^1/2 -> 5.0752469 | C5: =($C$2/$AU$1*(sub!E3-sub!$B3)^2)^1/2 -> 0.058952783 | D5: =($D$2/$AU$1*(sub!F3-sub!$B3)^2)^1/2 -> 0.28849835 | E5: =($E$2/$AU$1*(sub!G3-sub!$B3)^2)^1/2 -> 0.2807282 | F5: =($F$2/$AU$1*(sub!H3-sub!$B3)^2)^1/2 -> 1.205895 | G5: =($G$2/$AU$1*(sub!I3-sub!$B3)^2)^1/2 -> 0.00095735201 | H5: =($H$2/$AU$1*(sub!J3-sub!$B3)^2)^1/2 -> 0.96460713 | I5: =($I$2/$AU$1*(sub!K3-sub!$B3)^2)^1/2 -> 0.1206237 | J5: =($J$2/$AU$1*(sub!L3-sub!$B3)^2)^1/2 -> 0.68789536 | K5: =($K$2/$AU$1*(sub!M3-sub!$B3)^2)^1/2 -> 0.44331361 | L5: =($L$2/$AU$1*(sub!N3-sub!$B3)^2)^1/2 -> 0.14023303 | M5: =($M$2/$AU$1*(sub!O3-sub!$B3)^2)^1/2 -> 0.030557538 | N5: =($N$2/$AU$1*(sub!P3-sub!$B3)^2)^1/2 -> 0.0042320586 | O5: =($O$2/$AU$1*(sub!Q3-sub!$B3)^2)^1/2 -> 0.050124058 | P5: =($P$2/$AU$1*(sub!R3-sub!$B3)^2)^1/2 -> 0.20015668 | Q5: =($Q$2/$AU$1*(sub!S3-sub!$B3)^2)^1/2 -> 0.15225393 | R5: =($R$2/$AU$1*(sub!T3-sub!$B3)^2)^1/2 -> 0.11495719 | S5: =($S$2/$AU$1*(sub!U3-sub!$B3)^2)^1/2 -> 0.0053287086 | T5: =($T$2/$AU$1*(sub!V3-sub!$B3)^2)^1/2 -> 0.09615451 | U5: =($U$2/$AU$1*(sub!W3-sub!$B3)^2)^1/2 -> 0.22250345 | V5: =($V$2/$AU$1*(sub!X3-sub!$B3)^2)^1/2 -> 0.21674458 | W5: =($W$2/$AU$1*(sub!Y3-sub!$B3)^2)^1/2 -> 9.9110449 | X5: =($X$2/$AU$1*(sub!Z3-sub!$B3)^2)^1/2 -> 0.13100314 | Y5: =($Y$2/$AU$1*(sub!AA3-sub!$B3)^2)^1/2 -> 0.076133714 | Z5: =($Z$2/$AU$1*(sub!AB3-sub!$B3)^2)^1/2 -> 0.0038791525 | AA5: =($AA$2/$AU$1*(sub!AC3-sub!$B3)^2)^1/2 -> 0.0010270895 | AB5: =($AB$2/$AU$1*(sub!AD3-sub!$B3)^2)^1/2 -> 0.014832448 | AC5: =($AC$2/$AU$1*(sub!AE3-sub!$B3)^2)^1/2 -> 1.1098421 | AD5: =($AD$2/$AU$1*(sub!AF3-sub!$B3)^2)^1/2 -> 9.5980855 | AE5: =($AE$2/$AU$1*(sub!AG3-sub!$B3)^2)^1/2 -> 0.24072264 | AF5: =($AF$2/$AU$1*(sub!AH3-sub!$B3)^2)^1/2 -> 0.76214868 | AG5: =($AG$2/$AU$1*(sub!AI3-sub!$B3)^2)^1/2 -> 0.91520959 | AH5: =($AH$2/$AU$1*(sub!AJ3-sub!$B3)^2)^1/2 -> 1.0738041 | AI5: =($AI$2/$AU$1*(sub!AK3-sub!$B3)^2)^1/2 -> 0.022699793 | AJ5: =($AJ$2/$AU$1*(sub!AL3-sub!$B3)^2)^1/2 -> 0.026746097 | AK5: =($AK$2/$AU$1*(sub!AM3-sub!$B3)^2)^1/2 -> 0.013835797 | AL5: =($AL$2/$AU$1*(sub!AN3-sub!$B3)^2)^1/2 -> 0.020636329 | AM5: =($AM$2/$AU$1*(sub!AO3-sub!$B3)^2)^1/2 -> 0.0057038101 | AN5: =($AN$2/$AU$1*(sub!AP3-sub!$B3)^2)^1/2 -> 0.011087171 | AO5: =($AO$2/$AU$1*(sub!AQ3-sub!$B3)^2)^1/2 -> 0.57219622 | AP5: =($AP$2/$AU$1*(sub!AR3-sub!$B3)^2)^1/2 -> 0.20333021 | AQ5: =($AQ$2/$AU$1*(sub!AS3-sub!$B3)^2)^1/2 -> 0.12825235 | AR5: =($AR$2/$AU$1*(sub!AT3-sub!$B3)^2)^1/2 -> 1.104872 | AS5: =($AS$2/$AU$1*(sub!AU3-sub!$B3)^2)^1/2 -> 0.0064320433 | AT5: =($AT$2/$AU$1*(sub!AV3-sub!$B3)^2)^1/2 -> 0.78305125 | AV5: =SUM(B5:AT5)/COUNT(B5:AT5) -> 0.82436756 | AW5: =LOG(AV5) -> -0.083879107
A6: 39903 | B6: =($B$2/$AU$1*(sub!D4-sub!$B4)^2)^1/2 -> 2.8079726 | C6: =($C$2/$AU$1*(sub!E4-sub!$B4)^2)^1/2 -> 0.15848888 | D6: =($D$2/$AU$1*(sub!F4-sub!$B4)^2)^1/2 -> 0.32695859 | E6: =($E$2/$AU$1*(sub!G4-sub!$B4)^2)^1/2 -> 0.1376972 | F6: =($F$2/$AU$1*(sub!H4-sub!$B4)^2)^1/2 -> 0.050596036 | G6: =($G$2/$AU$1*(sub!I4-sub!$B4)^2)^1/2 -> 0.064578293 | H6: =($H$2/$AU$1*(sub!J4-sub!$B4)^2)^1/2 -> 0.87717763 | I6: =($I$2/$AU$1*(sub!K4-sub!$B4)^2)^1/2 -> 0.22772045 | J6: =($J$2/$AU$1*(sub!L4-sub!$B4)^2)^1/2 -> 0.44335113 | K6: =($K$2/$AU$1*(sub!M4-sub!$B4)^2)^1/2 -> 0.64625553 | L6: =($L$2/$AU$1*(sub!N4-sub!$B4)^2)^1/2 -> 0.0074226716 | M6: =($M$2/$AU$1*(sub!O4-sub!$B4)^2)^1/2 -> 0.012912614 | N6: =($N$2/$AU$1*(sub!P4-sub!$B4)^2)^1/2 -> 9.8732772e-05 | O6: =($O$2/$AU$1*(sub!Q4-sub!$B4)^2)^1/2 -> 0.00089056346 | P6: =($P$2/$AU$1*(sub!R4-sub!$B4)^2)^1/2 -> 0.15000433 | Q6: =($Q$2/$AU$1*(sub!S4-sub!$B4)^2)^1/2 -> 0.14921455 | R6: =($R$2/$AU$1*(sub!T4-sub!$B4)^2)^1/2 -> 0.11360683 | S6: =($S$2/$AU$1*(sub!U4-sub!$B4)^2)^1/2 -> 0.068499505 | T6: =($T$2/$AU$1*(sub!V4-sub!$B4)^2)^1/2 -> 0.46159401 | U6: =($U$2/$AU$1*(sub!W4-sub!$B4)^2)^1/2 -> 0.26584055 | V6: =($V$2/$AU$1*(sub!X4-sub!$B4)^2)^1/2 -> 0.23213246 | W6: =($W$2/$AU$1*(sub!Y4-sub!$B4)^2)^1/2 -> 9.8055125 | X6: =($X$2/$AU$1*(sub!Z4-sub!$B4)^2)^1/2 -> 0.11478644 | Y6: =($Y$2/$AU$1*(sub!AA4-sub!$B4)^2)^1/2 -> 0.079408359 | Z6: =($Z$2/$AU$1*(sub!AB4-sub!$B4)^2)^1/2 -> 0.0034960797 | AA6: =($AA$2/$AU$1*(sub!AC4-sub!$B4)^2)^1/2 -> 0.11517543 | AB6: =($AB$2/$AU$1*(sub!AD4-sub!$B4)^2)^1/2 -> 0.012996613 | AC6: =($AC$2/$AU$1*(sub!AE4-sub!$B4)^2)^1/2 -> 1.0871026 | AD6: =($AD$2/$AU$1*(sub!AF4-sub!$B4)^2)^1/2 -> 10.421943 | AE6: =($AE$2/$AU$1*(sub!AG4-sub!$B4)^2)^1/2 -> 0.2660668 | AF6: =($AF$2/$AU$1*(sub!AH4-sub!$B4)^2)^1/2 -> 0.42583877 | AG6: =($AG$2/$AU$1*(sub!AI4-sub!$B4)^2)^1/2 -> 0.86324338 | AH6: =($AH$2/$AU$1*(sub!AJ4-sub!$B4)^2)^1/2 -> 1.1107267 | AI6: =($AI$2/$AU$1*(sub!AK4-sub!$B4)^2)^1/2 -> 0.065643064 | AJ6: =($AJ$2/$AU$1*(sub!AL4-sub!$B4)^2)^1/2 -> 1.2266462 | AK6: =($AK$2/$AU$1*(sub!AM4-sub!$B4)^2)^1/2 -> 0.023704728 | AL6: =($AL$2/$AU$1*(sub!AN4-sub!$B4)^2)^1/2 -> 0.021224561 | AM6: =($AM$2/$AU$1*(sub!AO4-sub!$B4)^2)^1/2 -> 0.08111798 | AN6: =($AN$2/$AU$1*(sub!AP4-sub!$B4)^2)^1/2 -> 0.0001549551 | AO6: =($AO$2/$AU$1*(sub!AQ4-sub!$B4)^2)^1/2 -> 0.45283818 | AP6: =($AP$2/$AU$1*(sub!AR4-sub!$B4)^2)^1/2 -> 0.26058946 | AQ6: =($AQ$2/$AU$1*(sub!AS4-sub!$B4)^2)^1/2 -> 0.25369091 | AR6: =($AR$2/$AU$1*(sub!AT4-sub!$B4)^2)^1/2 -> 1.0817806 | AS6: =($AS$2/$AU$1*(sub!AU4-sub!$B4)^2)^1/2 -> 0.056627332 | AT6: =($AT$2/$AU$1*(sub!AV4-sub!$B4)^2)^1/2 -> 1.225295 | AV6: =SUM(B6:AT6)/COUNT(B6:AT6) -> 0.80574718 | AW6: =LOG(AV6) -> -0.093801208
A7: 39933 | B7: =($B$2/$AU$1*(sub!D5-sub!$B5)^2)^1/2 -> 1.8066249 | C7: =($C$2/$AU$1*(sub!E5-sub!$B5)^2)^1/2 -> 0.12771889 | D7: =($D$2/$AU$1*(sub!F5-sub!$B5)^2)^1/2 -> 0.1274515 | E7: =($E$2/$AU$1*(sub!G5-sub!$B5)^2)^1/2 -> 0.16919005 | F7: =($F$2/$AU$1*(sub!H5-sub!$B5)^2)^1/2 -> 0.20723252 | G7: =($G$2/$AU$1*(sub!I5-sub!$B5)^2)^1/2 -> 0.048749794 | H7: =($H$2/$AU$1*(sub!J5-sub!$B5)^2)^1/2 -> 0.78789986 | I7: =($I$2/$AU$1*(sub!K5-sub!$B5)^2)^1/2 -> 0.30134195 | J7: =($J$2/$AU$1*(sub!L5-sub!$B5)^2)^1/2 -> 0.49567486 | K7: =($K$2/$AU$1*(sub!M5-sub!$B5)^2)^1/2 -> 1.0269501 | L7: =($L$2/$AU$1*(sub!N5-sub!$B5)^2)^1/2 -> 0.0044333585 | M7: =($M$2/$AU$1*(sub!O5-sub!$B5)^2)^1/2 -> 0.011579882 | N7: =($N$2/$AU$1*(sub!P5-sub!$B5)^2)^1/2 -> 0.0011359729 | O7: =($O$2/$AU$1*(sub!Q5-sub!$B5)^2)^1/2 -> 2.5581433e-06 | P7: =($P$2/$AU$1*(sub!R5-sub!$B5)^2)^1/2 -> 0.14810965 | Q7: =($Q$2/$AU$1*(sub!S5-sub!$B5)^2)^1/2 -> 0.10357233 | R7: =($R$2/$AU$1*(sub!T5-sub!$B5)^2)^1/2 -> 0.097888668 | S7: =($S$2/$AU$1*(sub!U5-sub!$B5)^2)^1/2 -> 0.065505896 | T7: =($T$2/$AU$1*(sub!V5-sub!$B5)^2)^1/2 -> 0.44912208 | U7: =($U$2/$AU$1*(sub!W5-sub!$B5)^2)^1/2 -> 0.23484176 | V7: =($V$2/$AU$1*(sub!X5-sub!$B5)^2)^1/2 -> 0.22694499 | W7: =($W$2/$AU$1*(sub!Y5-sub!$B5)^2)^1/2 -> 9.0392398 | X7: =($X$2/$AU$1*(sub!Z5-sub!$B5)^2)^1/2 -> 0.18228248 | Y7: =($Y$2/$AU$1*(sub!AA5-sub!$B5)^2)^1/2 -> 0.14039064 | Z7: =($Z$2/$AU$1*(sub!AB5-sub!$B5)^2)^1/2 -> 0.00020065554 | AA7: =($AA$2/$AU$1*(sub!AC5-sub!$B5)^2)^1/2 -> 0.2302457 | AB7: =($AB$2/$AU$1*(sub!AD5-sub!$B5)^2)^1/2 -> 0.013595034 | AC7: =($AC$2/$AU$1*(sub!AE5-sub!$B5)^2)^1/2 -> 0.83388448 | AD7: =($AD$2/$AU$1*(sub!AF5-sub!$B5)^2)^1/2 -> 12.793632 | AE7: =($AE$2/$AU$1*(sub!AG5-sub!$B5)^2)^1/2 -> 0.24585852 | AF7: =($AF$2/$AU$1*(sub!AH5-sub!$B5)^2)^1/2 -> 0.65244782 | AG7: =($AG$2/$AU$1*(sub!AI5-sub!$B5)^2)^1/2 -> 1.0249306 | AH7: =($AH$2/$AU$1*(sub!AJ5-sub!$B5)^2)^1/2 -> 0.93164529 | AI7: =($AI$2/$AU$1*(sub!AK5-sub!$B5)^2)^1/2 -> 0.053464625 | AJ7: =($AJ$2/$AU$1*(sub!AL5-sub!$B5)^2)^1/2 -> 1.5211039 | AK7: =($AK$2/$AU$1*(sub!AM5-sub!$B5)^2)^1/2 -> 0.02129952 | AL7: =($AL$2/$AU$1*(sub!AN5-sub!$B5)^2)^1/2 -> 0.021027582 | AM7: =($AM$2/$AU$1*(sub!AO5-sub!$B5)^2)^1/2 -> 0.082999897 | AN7: =($AN$2/$AU$1*(sub!AP5-sub!$B5)^2)^1/2 -> 0.00023147901 | AO7: =($AO$2/$AU$1*(sub!AQ5-sub!$B5)^2)^1/2 -> 0.624181 | AP7: =($AP$2/$AU$1*(sub!AR5-sub!$B5)^2)^1/2 -> 0.21412194 | AQ7: =($AQ$2/$AU$1*(sub!AS5-sub!$B5)^2)^1/2 -> 0.2646885 | AR7: =($AR$2/$AU$1*(sub!AT5-sub!$B5)^2)^1/2 -> 0.70601582 | AS7: =($AS$2/$AU$1*(sub!AU5-sub!$B5)^2)^1/2 -> 0.052873599 | AT7: =($AT$2/$AU$1*(sub!AV5-sub!$B5)^2)^1/2 -> 1.2339714 | AV7: =SUM(B7:AT7)/COUNT(B7:AT7) -> 0.82947341 | AW7: =LOG(AV7) -> -0.081197531
A8: 39964 | B8: =($B$2/$AU$1*(sub!D6-sub!$B6)^2)^1/2 -> 0.11930455 | C8: =($C$2/$AU$1*(sub!E6-sub!$B6)^2)^1/2 -> 0.11821167 | D8: =($D$2/$AU$1*(sub!F6-sub!$B6)^2)^1/2 -> 0.074091106 | E8: =($E$2/$AU$1*(sub!G6-sub!$B6)^2)^1/2 -> 0.20717675 | F8: =($F$2/$AU$1*(sub!H6-sub!$B6)^2)^1/2 -> 0.54439081 | G8: =($G$2/$AU$1*(sub!I6-sub!$B6)^2)^1/2 -> 0.15368516 | H8: =($H$2/$AU$1*(sub!J6-sub!$B6)^2)^1/2 -> 0.761995 | I8: =($I$2/$AU$1*(sub!K6-sub!$B6)^2)^1/2 -> 0.30347701 | J8: =($J$2/$AU$1*(sub!L6-sub!$B6)^2)^1/2 -> 0.5609842 | K8: =($K$2/$AU$1*(sub!M6-sub!$B6)^2)^1/2 -> 1.2187077 | L8: =($L$2/$AU$1*(sub!N6-sub!$B6)^2)^1/2 -> 0.014395825 | M8: =($M$2/$AU$1*(sub!O6-sub!$B6)^2)^1/2 -> 0.019693623 | N8: =($N$2/$AU$1*(sub!P6-sub!$B6)^2)^1/2 -> 0.0021693114 | O8: =($O$2/$AU$1*(sub!Q6-sub!$B6)^2)^1/2 -> 9.2513023e-07 | P8: =($P$2/$AU$1*(sub!R6-sub!$B6)^2)^1/2 -> 0.16313022 | Q8: =($Q$2/$AU$1*(sub!S6-sub!$B6)^2)^1/2 -> 0.095759705 | R8: =($R$2/$AU$1*(sub!T6-sub!$B6)^2)^1/2 -> 0.098915425 | S8: =($S$2/$AU$1*(sub!U6-sub!$B6)^2)^1/2 -> 0.045466617 | T8: =($T$2/$AU$1*(sub!V6-sub!$B6)^2)^1/2 -> 0.36229488 | U8: =($U$2/$AU$1*(sub!W6-sub!$B6)^2)^1/2 -> 0.15309741 | V8: =($V$2/$AU$1*(sub!X6-sub!$B6)^2)^1/2 -> 0.19044603 | W8: =($W$2/$AU$1*(sub!Y6-sub!$B6)^2)^1/2 -> 10.1019 | X8: =($X$2/$AU$1*(sub!Z6-sub!$B6)^2)^1/2 -> 0.13494544 | Y8: =($Y$2/$AU$1*(sub!AA6-sub!$B6)^2)^1/2 -> 0.11908565 | Z8: =($Z$2/$AU$1*(sub!AB6-sub!$B6)^2)^1/2 -> 0.0035424507 | AA8: =($AA$2/$AU$1*(sub!AC6-sub!$B6)^2)^1/2 -> 0.15562836 | AB8: =($AB$2/$AU$1*(sub!AD6-sub!$B6)^2)^1/2 -> 0.028975903 | AC8: =($AC$2/$AU$1*(sub!AE6-sub!$B6)^2)^1/2 -> 0.27462966 | AD8: =($AD$2/$AU$1*(sub!AF6-sub!$B6)^2)^1/2 -> 18.103769 | AE8: =($AE$2/$AU$1*(sub!AG6-sub!$B6)^2)^1/2 -> 0.22017163 | AF8: =($AF$2/$AU$1*(sub!AH6-sub!$B6)^2)^1/2 -> 0.5809841 | AG8: =($AG$2/$AU$1*(sub!AI6-sub!$B6)^2)^1/2 -> 1.1666646 | AH8: =($AH$2/$AU$1*(sub!AJ6-sub!$B6)^2)^1/2 -> 0.84958745 | AI8: =($AI$2/$AU$1*(sub!AK6-sub!$B6)^2)^1/2 -> 0.04701189 | AJ8: =($AJ$2/$AU$1*(sub!AL6-sub!$B6)^2)^1/2 -> 1.5377061 | AK8: =($AK$2/$AU$1*(sub!AM6-sub!$B6)^2)^1/2 -> 4.5327958e-06 | AL8: =($AL$2/$AU$1*(sub!AN6-sub!$B6)^2)^1/2 -> 0.01960115 | AM8: =($AM$2/$AU$1*(sub!AO6-sub!$B6)^2)^1/2 -> 0.097567949 | AN8: =($AN$2/$AU$1*(sub!AP6-sub!$B6)^2)^1/2 -> 0.0012706684 | AO8: =($AO$2/$AU$1*(sub!AQ6-sub!$B6)^2)^1/2 -> 0.46333031 | AP8: =($AP$2/$AU$1*(sub!AR6-sub!$B6)^2)^1/2 -> 0.20076761 | AQ8: =($AQ$2/$AU$1*(sub!AS6-sub!$B6)^2)^1/2 -> 0.31117564 | AR8: =($AR$2/$AU$1*(sub!AT6-sub!$B6)^2)^1/2 -> 0.75243565 | AS8: =($AS$2/$AU$1*(sub!AU6-sub!$B6)^2)^1/2 -> 0.029135006 | AT8: =($AT$2/$AU$1*(sub!AV6-sub!$B6)^2)^1/2 -> 1.2990024 | AV8: =SUM(B8:AT8)/COUNT(B8:AT8) -> 0.92680638 | AW8: =LOG(AV8) -> -0.033010987
A9: 39994 | B9: =($B$2/$AU$1*(sub!D7-sub!$B7)^2)^1/2 -> 0.026603722 | C9: =($C$2/$AU$1*(sub!E7-sub!$B7)^2)^1/2 -> 0.056439378 | D9: =($D$2/$AU$1*(sub!F7-sub!$B7)^2)^1/2 -> 0.040394113 | E9: =($E$2/$AU$1*(sub!G7-sub!$B7)^2)^1/2 -> 0.33132603 | F9: =($F$2/$AU$1*(sub!H7-sub!$B7)^2)^1/2 -> 0.82921862 | G9: =($G$2/$AU$1*(sub!I7-sub!$B7)^2)^1/2 -> 0.030247902 | H9: =($H$2/$AU$1*(sub!J7-sub!$B7)^2)^1/2 -> 0.90336672 | I9: =($I$2/$AU$1*(sub!K7-sub!$B7)^2)^1/2 -> 0.27859146 | J9: =($J$2/$AU$1*(sub!L7-sub!$B7)^2)^1/2 -> 0.41367924 | K9: =($K$2/$AU$1*(sub!M7-sub!$B7)^2)^1/2 -> 0.83849104 | L9: =($L$2/$AU$1*(sub!N7-sub!$B7)^2)^1/2 -> 0.030602116 | M9: =($M$2/$AU$1*(sub!O7-sub!$B7)^2)^1/2 -> 0.040814833 | N9: =($N$2/$AU$1*(sub!P7-sub!$B7)^2)^1/2 -> 0.0030735125 | O9: =($O$2/$AU$1*(sub!Q7-sub!$B7)^2)^1/2 -> 0.0090531673 | P9: =($P$2/$AU$1*(sub!R7-sub!$B7)^2)^1/2 -> 0.20998783 | Q9: =($Q$2/$AU$1*(sub!S7-sub!$B7)^2)^1/2 -> 0.053495178 | R9: =($R$2/$AU$1*(sub!T7-sub!$B7)^2)^1/2 -> 0.047869013 | S9: =($S$2/$AU$1*(sub!U7-sub!$B7)^2)^1/2 -> 0.040299812 | T9: =($T$2/$AU$1*(sub!V7-sub!$B7)^2)^1/2 -> 0.3129901 | U9: =($U$2/$AU$1*(sub!W7-sub!$B7)^2)^1/2 -> 0.12587472 | V9: =($V$2/$AU$1*(sub!X7-sub!$B7)^2)^1/2 -> 0.087038823 | W9: =($W$2/$AU$1*(sub!Y7-sub!$B7)^2)^1/2 -> 9.397587 | X9: =($X$2/$AU$1*(sub!Z7-sub!$B7)^2)^1/2 -> 0.12344889 | Y9: =($Y$2/$AU$1*(sub!AA7-sub!$B7)^2)^1/2 -> 0.14957249 | Z9: =($Z$2/$AU$1*(sub!AB7-sub!$B7)^2)^1/2 -> 0.026171425 | AA9: =($AA$2/$AU$1*(sub!AC7-sub!$B7)^2)^1/2 -> 0.1695157 | AB9: =($AB$2/$AU$1*(sub!AD7-sub!$B7)^2)^1/2 -> 0.05663965 | AC9: =($AC$2/$AU$1*(sub!AE7-sub!$B7)^2)^1/2 -> 0.26290713 | AD9: =($AD$2/$AU$1*(sub!AF7-sub!$B7)^2)^1/2 -> 19.925855 | AE9: =($AE$2/$AU$1*(sub!AG7-sub!$B7)^2)^1/2 -> 0.25725773 | AF9: =($AF$2/$AU$1*(sub!AH7-sub!$B7)^2)^1/2 -> 0.10132311 | AG9: =($AG$2/$AU$1*(sub!AI7-sub!$B7)^2)^1/2 -> 1.4273694 | AH9: =($AH$2/$AU$1*(sub!AJ7-sub!$B7)^2)^1/2 -> 0.58978575 | AI9: =($AI$2/$AU$1*(sub!AK7-sub!$B7)^2)^1/2 -> 0.073750764 | AJ9: =($AJ$2/$AU$1*(sub!AL7-sub!$B7)^2)^1/2 -> 1.6805811 | AK9: =($AK$2/$AU$1*(sub!AM7-sub!$B7)^2)^1/2 -> 2.4155533e-06 | AL9: =($AL$2/$AU$1*(sub!AN7-sub!$B7)^2)^1/2 -> 0.014959449 | AM9: =($AM$2/$AU$1*(sub!AO7-sub!$B7)^2)^1/2 -> 0.15851525 | AN9: =($AN$2/$AU$1*(sub!AP7-sub!$B7)^2)^1/2 -> 0.011639629 | AO9: =($AO$2/$AU$1*(sub!AQ7-sub!$B7)^2)^1/2 -> 0.40676991 | AP9: =($AP$2/$AU$1*(sub!AR7-sub!$B7)^2)^1/2 -> 0.31824076 | AQ9: =($AQ$2/$AU$1*(sub!AS7-sub!$B7)^2)^1/2 -> 0.35525544 | AR9: =($AR$2/$AU$1*(sub!AT7-sub!$B7)^2)^1/2 -> 0.92841022 | AS9: =($AS$2/$AU$1*(sub!AU7-sub!$B7)^2)^1/2 -> 0.010152603 | AT9: =($AT$2/$AU$1*(sub!AV7-sub!$B7)^2)^1/2 -> 1.6740469 | AV9: =SUM(B9:AT9)/COUNT(B9:AT9) -> 0.95176034 | AW9: =LOG(AV9) -> -0.021472398
A10: 40025 | B10: =($B$2/$AU$1*(sub!D8-sub!$B8)^2)^1/2 -> 0.17824963 | C10: =($C$2/$AU$1*(sub!E8-sub!$B8)^2)^1/2 -> 0.0025276327 | D10: =($D$2/$AU$1*(sub!F8-sub!$B8)^2)^1/2 -> 0.044042688 | E10: =($E$2/$AU$1*(sub!G8-sub!$B8)^2)^1/2 -> 0.18433129 | F10: =($F$2/$AU$1*(sub!H8-sub!$B8)^2)^1/2 -> 1.0111031 | G10: =($G$2/$AU$1*(sub!I8-sub!$B8)^2)^1/2 -> 0.031528961 | H10: =($H$2/$AU$1*(sub!J8-sub!$B8)^2)^1/2 -> 0.52840052 | I10: =($I$2/$AU$1*(sub!K8-sub!$B8)^2)^1/2 -> 0.13774524 | J10: =($J$2/$AU$1*(sub!L8-sub!$B8)^2)^1/2 -> 0.25878993 | K10: =($K$2/$AU$1*(sub!M8-sub!$B8)^2)^1/2 -> 0.74857293 | L10: =($L$2/$AU$1*(sub!N8-sub!$B8)^2)^1/2 -> 0.10886683 | M10: =($M$2/$AU$1*(sub!O8-sub!$B8)^2)^1/2 -> 0.034540802 | N10: =($N$2/$AU$1*(sub!P8-sub!$B8)^2)^1/2 -> 0.003198192 | O10: =($O$2/$AU$1*(sub!Q8-sub!$B8)^2)^1/2 -> 0.0097689256 | P10: =($P$2/$AU$1*(sub!R8-sub!$B8)^2)^1/2 -> 0.46253446 | Q10: =($Q$2/$AU$1*(sub!S8-sub!$B8)^2)^1/2 -> 0.02393558 | R10: =($R$2/$AU$1*(sub!T8-sub!$B8)^2)^1/2 -> 0.023171345 | S10: =($S$2/$AU$1*(sub!U8-sub!$B8)^2)^1/2 -> 0.023549 | T10: =($T$2/$AU$1*(sub!V8-sub!$B8)^2)^1/2 -> 0.23414096 | U10: =($U$2/$AU$1*(sub!W8-sub!$B8)^2)^1/2 -> 0.12572648 | V10: =($V$2/$AU$1*(sub!X8-sub!$B8)^2)^1/2 -> 0.10569613 | W10: =($W$2/$AU$1*(sub!Y8-sub!$B8)^2)^1/2 -> 8.64133 | X10: =($X$2/$AU$1*(sub!Z8-sub!$B8)^2)^1/2 -> 0.10938057 | Y10: =($Y$2/$AU$1*(sub!AA8-sub!$B8)^2)^1/2 -> 0.084606515 | Z10: =($Z$2/$AU$1*(sub!AB8-sub!$B8)^2)^1/2 -> 0.044705371 | AA10: =($AA$2/$AU$1*(sub!AC8-sub!$B8)^2)^1/2 -> 0.11062714 | AB10: =($AB$2/$AU$1*(sub!AD8-sub!$B8)^2)^1/2 -> 0.067191194 | AC10: =($AC$2/$AU$1*(sub!AE8-sub!$B8)^2)^1/2 -> 0.41539622 | AD10: =($AD$2/$AU$1*(sub!AF8-sub!$B8)^2)^1/2 -> 21.062988 | AE10: =($AE$2/$AU$1*(sub!AG8-sub!$B8)^2)^1/2 -> 0.19285064 | AF10: =($AF$2/$AU$1*(sub!AH8-sub!$B8)^2)^1/2 -> 0.18712855 | AG10: =($AG$2/$AU$1*(sub!AI8-sub!$B8)^2)^1/2 -> 1.4034551 | AH10: =($AH$2/$AU$1*(sub!AJ8-sub!$B8)^2)^1/2 -> 0.51814924 | AI10: =($AI$2/$AU$1*(sub!AK8-sub!$B8)^2)^1/2 -> 0.1057303 | AJ10: =($AJ$2/$AU$1*(sub!AL8-sub!$B8)^2)^1/2 -> 1.7063964 | AK10: =($AK$2/$AU$1*(sub!AM8-sub!$B8)^2)^1/2 -> 0.00029265122 | AL10: =($AL$2/$AU$1*(sub!AN8-sub!$B8)^2)^1/2 -> 0.013634642 | AM10: =($AM$2/$AU$1*(sub!AO8-sub!$B8)^2)^1/2 -> 0.18062709 | AN10: =($AN$2/$AU$1*(sub!AP8-sub!$B8)^2)^1/2 -> 0.017032758 | AO10: =($AO$2/$AU$1*(sub!AQ8-sub!$B8)^2)^1/2 -> 0.40583904 | AP10: =($AP$2/$AU$1*(sub!AR8-sub!$B8)^2)^1/2 -> 0.050898486 | AQ10: =($AQ$2/$AU$1*(sub!AS8-sub!$B8)^2)^1/2 -> 0.38004911 | AR10: =($AR$2/$AU$1*(sub!AT8-sub!$B8)^2)^1/2 -> 0.6021436 | AS10: =($AS$2/$AU$1*(sub!AU8-sub!$B8)^2)^1/2 -> 0.60739237 | AT10: =($AT$2/$AU$1*(sub!AV8-sub!$B8)^2)^1/2 -> 1.241566 | AV10: =SUM(B10:AT10)/COUNT(B10:AT10) -> 0.94288515 | AW10: =LOG(AV10) -> -0.025541202
A11: 40056 | B11: =($B$2/$AU$1*(sub!D9-sub!$B9)^2)^1/2 -> 0.69166882 | C11: =($C$2/$AU$1*(sub!E9-sub!$B9)^2)^1/2 -> 0.01051576 | D11: =($D$2/$AU$1*(sub!F9-sub!$B9)^2)^1/2 -> 0.03990915 | E11: =($E$2/$AU$1*(sub!G9-sub!$B9)^2)^1/2 -> 0.14254376 | F11: =($F$2/$AU$1*(sub!H9-sub!$B9)^2)^1/2 -> 1.2407019 | G11: =($G$2/$AU$1*(sub!I9-sub!$B9)^2)^1/2 -> 0.079329272 | H11: =($H$2/$AU$1*(sub!J9-sub!$B9)^2)^1/2 -> 0.45730011 | I11: =($I$2/$AU$1*(sub!K9-sub!$B9)^2)^1/2 -> 0.075371083 | J11: =($J$2/$AU$1*(sub!L9-sub!$B9)^2)^1/2 -> 0.3638234 | K11: =($K$2/$AU$1*(sub!M9-sub!$B9)^2)^1/2 -> 0.41459918 | L11: =($L$2/$AU$1*(sub!N9-sub!$B9)^2)^1/2 -> 0.15498067 | M11: =($M$2/$AU$1*(sub!O9-sub!$B9)^2)^1/2 -> 0.059977429 | N11: =($N$2/$AU$1*(sub!P9-sub!$B9)^2)^1/2 -> 0.0040635949 | O11: =($O$2/$AU$1*(sub!Q9-sub!$B9)^2)^1/2 -> 0.037051869 | P11: =($P$2/$AU$1*(sub!R9-sub!$B9)^2)^1/2 -> 0.88964492 | Q11: =($Q$2/$AU$1*(sub!S9-sub!$B9)^2)^1/2 -> 0.012720719 | R11: =($R$2/$AU$1*(sub!T9-sub!$B9)^2)^1/2 -> 0.015490483 | S11: =($S$2/$AU$1*(sub!U9-sub!$B9)^2)^1/2 -> 0.0022847247 | T11: =($T$2/$AU$1*(sub!V9-sub!$B9)^2)^1/2 -> 0.09924637 | U11: =($U$2/$AU$1*(sub!W9-sub!$B9)^2)^1/2 -> 0.016797891 | V11: =($V$2/$AU$1*(sub!X9-sub!$B9)^2)^1/2 -> 0.21737977 | W11: =($W$2/$AU$1*(sub!Y9-sub!$B9)^2)^1/2 -> 7.920567 | X11: =($X$2/$AU$1*(sub!Z9-sub!$B9)^2)^1/2 -> 0.093749124 | Y11: =($Y$2/$AU$1*(sub!AA9-sub!$B9)^2)^1/2 -> 0.05229743 | Z11: =($Z$2/$AU$1*(sub!AB9-sub!$B9)^2)^1/2 -> 0.077253029 | AA11: =($AA$2/$AU$1*(sub!AC9-sub!$B9)^2)^1/2 -> 0.16677325 | AB11: =($AB$2/$AU$1*(sub!AD9-sub!$B9)^2)^1/2 -> 0.094019669 | AC11: =($AC$2/$AU$1*(sub!AE9-sub!$B9)^2)^1/2 -> 0.13768591 | AD11: =($AD$2/$AU$1*(sub!AF9-sub!$B9)^2)^1/2 -> 20.525254 | AE11: =($AE$2/$AU$1*(sub!AG9-sub!$B9)^2)^1/2 -> 0.26831398 | AF11: =($AF$2/$AU$1*(sub!AH9-sub!$B9)^2)^1/2 -> 0.049790998 | AG11: =($AG$2/$AU$1*(sub!AI9-sub!$B9)^2)^1/2 -> 1.4609207 | AH11: =($AH$2/$AU$1*(sub!AJ9-sub!$B9)^2)^1/2 -> 0.27114746 | AI11: =($AI$2/$AU$1*(sub!AK9-sub!$B9)^2)^1/2 -> 0.018916879 | AJ11: =($AJ$2/$AU$1*(sub!AL9-sub!$B9)^2)^1/2 -> 2.2383846 | AK11: =($AK$2/$AU$1*(sub!AM9-sub!$B9)^2)^1/2 -> 0.00049464315 | AL11: =($AL$2/$AU$1*(sub!AN9-sub!$B9)^2)^1/2 -> 0.010896644 | AM11: =($AM$2/$AU$1*(sub!AO9-sub!$B9)^2)^1/2 -> 0.23524349 | AN11: =($AN$2/$AU$1*(sub!AP9-sub!$B9)^2)^1/2 -> 0.032780082 | AO11: =($AO$2/$AU$1*(sub!AQ9-sub!$B9)^2)^1/2 -> 0.48679143 | AP11: =($AP$2/$AU$1*(sub!AR9-sub!$B9)^2)^1/2 -> 0.012255022 | AQ11: =($AQ$2/$AU$1*(sub!AS9-sub!$B9)^2)^1/2 -> 0.31350866 | AR11: =($AR$2/$AU$1*(sub!AT9-sub!$B9)^2)^1/2 -> 0.71102392 | AS11: =($AS$2/$AU$1*(sub!AU9-sub!$B9)^2)^1/2 -> 0.85734413 | AT11: =($AT$2/$AU$1*(sub!AV9-sub!$B9)^2)^1/2 -> 1.0205539 | AV11: =SUM(B11:AT11)/COUNT(B11:AT11) -> 0.93514147 | AW11: =LOG(AV11) -> -0.029122681
A12: 40086 | B12: =($B$2/$AU$1*(sub!D10-sub!$B10)^2)^1/2 -> 1.4525391 | C12: =($C$2/$AU$1*(sub!E10-sub!$B10)^2)^1/2 -> 0.14361771 | D12: =($D$2/$AU$1*(sub!F10-sub!$B10)^2)^1/2 -> 0.0017902258 | E12: =($E$2/$AU$1*(sub!G10-sub!$B10)^2)^1/2 -> 0.004699728 | F12: =($F$2/$AU$1*(sub!H10-sub!$B10)^2)^1/2 -> 1.5207414 | G12: =($G$2/$AU$1*(sub!I10-sub!$B10)^2)^1/2 -> 0.12485228 | H12: =($H$2/$AU$1*(sub!J10-sub!$B10)^2)^1/2 -> 0.73325862 | I12: =($I$2/$AU$1*(sub!K10-sub!$B10)^2)^1/2 -> 0.058153086 | J12: =($J$2/$AU$1*(sub!L10-sub!$B10)^2)^1/2 -> 0.15115959 | K12: =($K$2/$AU$1*(sub!M10-sub!$B10)^2)^1/2 -> 0.20594729 | L12: =($L$2/$AU$1*(sub!N10-sub!$B10)^2)^1/2 -> 0.07288888 | M12: =($M$2/$AU$1*(sub!O10-sub!$B10)^2)^1/2 -> 0.039822444 | N12: =($N$2/$AU$1*(sub!P10-sub!$B10)^2)^1/2 -> 0.00077184091 | O12: =($O$2/$AU$1*(sub!Q10-sub!$B10)^2)^1/2 -> 0.0023410326 | P12: =($P$2/$AU$1*(sub!R10-sub!$B10)^2)^1/2 -> 0.66498361 | Q12: =($Q$2/$AU$1*(sub!S10-sub!$B10)^2)^1/2 -> 0.027101724 | R12: =($R$2/$AU$1*(sub!T10-sub!$B10)^2)^1/2 -> 0.020861752 | S12: =($S$2/$AU$1*(sub!U10-sub!$B10)^2)^1/2 -> 0.030490318 | T12: =($T$2/$AU$1*(sub!V10-sub!$B10)^2)^1/2 -> 0.14542917 | U12: =($U$2/$AU$1*(sub!W10-sub!$B10)^2)^1/2 -> 0.0024119002 | V12: =($V$2/$AU$1*(sub!X10-sub!$B10)^2)^1/2 -> 0.16682564 | W12: =($W$2/$AU$1*(sub!Y10-sub!$B10)^2)^1/2 -> 7.0583272 | X12: =($X$2/$AU$1*(sub!Z10-sub!$B10)^2)^1/2 -> 0.14469568 | Y12: =($Y$2/$AU$1*(sub!AA10-sub!$B10)^2)^1/2 -> 0.018680872 | Z12: =($Z$2/$AU$1*(sub!AB10-sub!$B10)^2)^1/2 -> 0.034531167 | AA12: =($AA$2/$AU$1*(sub!AC10-sub!$B10)^2)^1/2 -> 0.18036053 | AB12: =($AB$2/$AU$1*(sub!AD10-sub!$B10)^2)^1/2 -> 0.077797439 | AC12: =($AC$2/$AU$1*(sub!AE10-sub!$B10)^2)^1/2 -> 0.39271771 | AD12: =($AD$2/$AU$1*(sub!AF10-sub!$B10)^2)^1/2 -> 10.897594 | AE12: =($AE$2/$AU$1*(sub!AG10-sub!$B10)^2)^1/2 -> 0.21097042 | AF12: =($AF$2/$AU$1*(sub!AH10-sub!$B10)^2)^1/2 -> 0.3655657 | AG12: =($AG$2/$AU$1*(sub!AI10-sub!$B10)^2)^1/2 -> 1.5400183 | AH12: =($AH$2/$AU$1*(sub!AJ10-sub!$B10)^2)^1/2 -> 0.41985239 | AI12: =($AI$2/$AU$1*(sub!AK10-sub!$B10)^2)^1/2 -> 4.2517361e-05 | AJ12: =($AJ$2/$AU$1*(sub!AL10-sub!$B10)^2)^1/2 -> 1.6820705 | AK12: =($AK$2/$AU$1*(sub!AM10-sub!$B10)^2)^1/2 -> 0.022900068 | AL12: =($AL$2/$AU$1*(sub!AN10-sub!$B10)^2)^1/2 -> 0.012459259 | AM12: =($AM$2/$AU$1*(sub!AO10-sub!$B10)^2)^1/2 -> 0.20245559 | AN12: =($AN$2/$AU$1*(sub!AP10-sub!$B10)^2)^1/2 -> 0.022958241 | AO12: =($AO$2/$AU$1*(sub!AQ10-sub!$B10)^2)^1/2 -> 0.51074405 | AP12: =($AP$2/$AU$1*(sub!AR10-sub!$B10)^2)^1/2 -> 0.010921452 | AQ12: =($AQ$2/$AU$1*(sub!AS10-sub!$B10)^2)^1/2 -> 0.2240223 | AR12: =($AR$2/$AU$1*(sub!AT10-sub!$B10)^2)^1/2 -> 0.51732515 | AS12: =($AS$2/$AU$1*(sub!AU10-sub!$B10)^2)^1/2 -> 0.91575556 | AT12: =($AT$2/$AU$1*(sub!AV10-sub!$B10)^2)^1/2 -> 0.019311464 | AV12: =SUM(B12:AT12)/COUNT(B12:AT12) -> 0.69006144 | AW12: =LOG(AV12) -> -0.16111224
A13: 40117 | B13: =($B$2/$AU$1*(sub!D11-sub!$B11)^2)^1/2 -> 1.537515 | C13: =($C$2/$AU$1*(sub!E11-sub!$B11)^2)^1/2 -> 0.14361771 | D13: =($D$2/$AU$1*(sub!F11-sub!$B11)^2)^1/2 -> 0.0034585748 | E13: =($E$2/$AU$1*(sub!G11-sub!$B11)^2)^1/2 -> 0.014248039 | F13: =($F$2/$AU$1*(sub!H11-sub!$B11)^2)^1/2 -> 1.7014727 | G13: =($G$2/$AU$1*(sub!I11-sub!$B11)^2)^1/2 -> 0.15518863 | H13: =($H$2/$AU$1*(sub!J11-sub!$B11)^2)^1/2 -> 0.89305657 | I13: =($I$2/$AU$1*(sub!K11-sub!$B11)^2)^1/2 -> 0.011130864 | J13: =($J$2/$AU$1*(sub!L11-sub!$B11)^2)^1/2 -> 0.050857826 | K13: =($K$2/$AU$1*(sub!M11-sub!$B11)^2)^1/2 -> 0.1255815 | L13: =($L$2/$AU$1*(sub!N11-sub!$B11)^2)^1/2 -> 0.1138952 | M13: =($M$2/$AU$1*(sub!O11-sub!$B11)^2)^1/2 -> 0.039822444 | N13: =($N$2/$AU$1*(sub!P11-sub!$B11)^2)^1/2 -> 0.0016660168 | O13: =($O$2/$AU$1*(sub!Q11-sub!$B11)^2)^1/2 -> 0.0023410326 | P13: =($P$2/$AU$1*(sub!R11-sub!$B11)^2)^1/2 -> 0.56200564 | Q13: =($Q$2/$AU$1*(sub!S11-sub!$B11)^2)^1/2 -> 0.021356546 | R13: =($R$2/$AU$1*(sub!T11-sub!$B11)^2)^1/2 -> 0.021 | S13: =($S$2/$AU$1*(sub!U11-sub!$B11)^2)^1/2 -> 0.030490318 | T13: =($T$2/$AU$1*(sub!V11-sub!$B11)^2)^1/2 -> 0.14542917 | U13: =($U$2/$AU$1*(sub!W11-sub!$B11)^2)^1/2 -> 5.1413786e-05 | V13: =($V$2/$AU$1*(sub!X11-sub!$B11)^2)^1/2 -> 0.16682564 | W13: =($W$2/$AU$1*(sub!Y11-sub!$B11)^2)^1/2 -> 6.1633801 | X13: =($X$2/$AU$1*(sub!Z11-sub!$B11)^2)^1/2 -> 0.14469568 | Y13: =($Y$2/$AU$1*(sub!AA11-sub!$B11)^2)^1/2 -> 0.0080895474 | Z13: =($Z$2/$AU$1*(sub!AB11-sub!$B11)^2)^1/2 -> 0.014626668 | AA13: =($AA$2/$AU$1*(sub!AC11-sub!$B11)^2)^1/2 -> 0.18036053 | AB13: =($AB$2/$AU$1*(sub!AD11-sub!$B11)^2)^1/2 -> 0.077797439 | AC13: =($AC$2/$AU$1*(sub!AE11-sub!$B11)^2)^1/2 -> 0.39271771 | AD13: =($AD$2/$AU$1*(sub!AF11-sub!$B11)^2)^1/2 -> 12.487624 | AE13: =($AE$2/$AU$1*(sub!AG11-sub!$B11)^2)^1/2 -> 0.15633239 | AF13: =($AF$2/$AU$1*(sub!AH11-sub!$B11)^2)^1/2 -> 0.36606319 | AG13: =($AG$2/$AU$1*(sub!AI11-sub!$B11)^2)^1/2 -> 2.2544592 | AH13: =($AH$2/$AU$1*(sub!AJ11-sub!$B11)^2)^1/2 -> 0.41985239 | AI13: =($AI$2/$AU$1*(sub!AK11-sub!$B11)^2)^1/2 -> 0.012912298 | AJ13: =($AJ$2/$AU$1*(sub!AL11-sub!$B11)^2)^1/2 -> 1.6820705 | AK13: =($AK$2/$AU$1*(sub!AM11-sub!$B11)^2)^1/2 -> 0.033150015 | AL13: =($AL$2/$AU$1*(sub!AN11-sub!$B11)^2)^1/2 -> 0.012459259 | AM13: =($AM$2/$AU$1*(sub!AO11-sub!$B11)^2)^1/2 -> 0.20245559 | AN13: =($AN$2/$AU$1*(sub!AP11-sub!$B11)^2)^1/2 -> 0.022958241 | AO13: =($AO$2/$AU$1*(sub!AQ11-sub!$B11)^2)^1/2 -> 0.03358397 | AP13: =($AP$2/$AU$1*(sub!AR11-sub!$B11)^2)^1/2 -> 0.024440123 | AQ13: =($AQ$2/$AU$1*(sub!AS11-sub!$B11)^2)^1/2 -> 0.14741867 | AR13: =($AR$2/$AU$1*(sub!AT11-sub!$B11)^2)^1/2 -> 0.043270162 | AS13: =($AS$2/$AU$1*(sub!AU11-sub!$B11)^2)^1/2 -> 1.3550903 | AT13: =($AT$2/$AU$1*(sub!AV11-sub!$B11)^2)^1/2 -> 0.019311464 | AV13: =SUM(B13:AT13)/COUNT(B13:AT13) -> 0.71102512 | AW13: =LOG(AV13) -> -0.14811506
A14: 40147 | B14: =($B$2/$AU$1*(sub!D12-sub!$B12)^2)^1/2 -> 1.7115463 | C14: =($C$2/$AU$1*(sub!E12-sub!$B12)^2)^1/2 -> 0.18342156 | D14: =($D$2/$AU$1*(sub!F12-sub!$B12)^2)^1/2 -> 0.00011812797 | E14: =($E$2/$AU$1*(sub!G12-sub!$B12)^2)^1/2 -> 0.072362121 | F14: =($F$2/$AU$1*(sub!H12-sub!$B12)^2)^1/2 -> 1.6180704 | G14: =($G$2/$AU$1*(sub!I12-sub!$B12)^2)^1/2 -> 0.17476528 | H14: =($H$2/$AU$1*(sub!J12-sub!$B12)^2)^1/2 -> 0.33702286 | I14: =($I$2/$AU$1*(sub!K12-sub!$B12)^2)^1/2 -> 0.014290908 | J14: =($J$2/$AU$1*(sub!L12-sub!$B12)^2)^1/2 -> 0.039426652 | K14: =($K$2/$AU$1*(sub!M12-sub!$B12)^2)^1/2 -> 0.09782142 | L14: =($L$2/$AU$1*(sub!N12-sub!$B12)^2)^1/2 -> 0.098118836 | M14: =($M$2/$AU$1*(sub!O12-sub!$B12)^2)^1/2 -> 0.045881723 | N14: =($N$2/$AU$1*(sub!P12-sub!$B12)^2)^1/2 -> 0.0041523076 | O14: =($O$2/$AU$1*(sub!Q12-sub!$B12)^2)^1/2 -> 0.0049826019 | P14: =($P$2/$AU$1*(sub!R12-sub!$B12)^2)^1/2 -> 0.61796764 | Q14: =($Q$2/$AU$1*(sub!S12-sub!$B12)^2)^1/2 -> 0.013915609 | R14: =($R$2/$AU$1*(sub!T12-sub!$B12)^2)^1/2 -> 0.013707313 | S14: =($S$2/$AU$1*(sub!U12-sub!$B12)^2)^1/2 -> 0.019523658 | T14: =($T$2/$AU$1*(sub!V12-sub!$B12)^2)^1/2 -> 0.10601495 | U14: =($U$2/$AU$1*(sub!W12-sub!$B12)^2)^1/2 -> 1.8113823e-05 | V14: =($V$2/$AU$1*(sub!X12-sub!$B12)^2)^1/2 -> 0.19457278 | W14: =($W$2/$AU$1*(sub!Y12-sub!$B12)^2)^1/2 -> 6.7278085 | X14: =($X$2/$AU$1*(sub!Z12-sub!$B12)^2)^1/2 -> 0.16358172 | Y14: =($Y$2/$AU$1*(sub!AA12-sub!$B12)^2)^1/2 -> 0.00093529657 | Z14: =($Z$2/$AU$1*(sub!AB12-sub!$B12)^2)^1/2 -> 0.020597211 | AA14: =($AA$2/$AU$1*(sub!AC12-sub!$B12)^2)^1/2 -> 0.084339215 | AB14: =($AB$2/$AU$1*(sub!AD12-sub!$B12)^2)^1/2 -> 0.086775983 | AC14: =($AC$2/$AU$1*(sub!AE12-sub!$B12)^2)^1/2 -> 0.34377834 | AD14: =($AD$2/$AU$1*(sub!AF12-sub!$B12)^2)^1/2 -> 8.5598153 | AE14: =($AE$2/$AU$1*(sub!AG12-sub!$B12)^2)^1/2 -> 0.15356896 | AF14: =($AF$2/$AU$1*(sub!AH12-sub!$B12)^2)^1/2 -> 0.26948815 | AG14: =($AG$2/$AU$1*(sub!AI12-sub!$B12)^2)^1/2 -> 2.5572869 | AH14: =($AH$2/$AU$1*(sub!AJ12-sub!$B12)^2)^1/2 -> 0.37508221 | AI14: =($AI$2/$AU$1*(sub!AK12-sub!$B12)^2)^1/2 -> 0.062248648 | AJ14: =($AJ$2/$AU$1*(sub!AL12-sub!$B12)^2)^1/2 -> 1.741466 | AK14: =($AK$2/$AU$1*(sub!AM12-sub!$B12)^2)^1/2 -> 0.00012270662 | AL14: =($AL$2/$AU$1*(sub!AN12-sub!$B12)^2)^1/2 -> 0.011563365 | AM14: =($AM$2/$AU$1*(sub!AO12-sub!$B12)^2)^1/2 -> 0.22068178 | AN14: =($AN$2/$AU$1*(sub!AP12-sub!$B12)^2)^1/2 -> 0.028294206 | AO14: =($AO$2/$AU$1*(sub!AQ12-sub!$B12)^2)^1/2 -> 0.045657302 | AP14: =($AP$2/$AU$1*(sub!AR12-sub!$B12)^2)^1/2 -> 0.015385866 | AQ14: =($AQ$2/$AU$1*(sub!AS12-sub!$B12)^2)^1/2 -> 0.083580993 | AR14: =($AR$2/$AU$1*(sub!AT12-sub!$B12)^2)^1/2 -> 0.053000392 | AS14: =($AS$2/$AU$1*(sub!AU12-sub!$B12)^2)^1/2 -> 1.4701119 | AT14: =($AT$2/$AU$1*(sub!AV12-sub!$B12)^2)^1/2 -> 0.026428214 | AV14: =SUM(B14:AT14)/COUNT(B14:AT14) -> 0.63265112 | AW14: =LOG(AV14) -> -0.19883572
A15: 40178 | B15: =($B$2/$AU$1*(sub!D13-sub!$B13)^2)^1/2 -> 1.8955873 | C15: =($C$2/$AU$1*(sub!E13-sub!$B13)^2)^1/2 -> 0.45340891 | D15: =($D$2/$AU$1*(sub!F13-sub!$B13)^2)^1/2 -> 0.006914097 | E15: =($E$2/$AU$1*(sub!G13-sub!$B13)^2)^1/2 -> 0.048231734 | F15: =($F$2/$AU$1*(sub!H13-sub!$B13)^2)^1/2 -> 1.6567462 | G15: =($G$2/$AU$1*(sub!I13-sub!$B13)^2)^1/2 -> 0.046460668 | H15: =($H$2/$AU$1*(sub!J13-sub!$B13)^2)^1/2 -> 0.00018350292 | I15: =($I$2/$AU$1*(sub!K13-sub!$B13)^2)^1/2 -> 0.025333593 | J15: =($J$2/$AU$1*(sub!L13-sub!$B13)^2)^1/2 -> 0.0093420901 | K15: =($K$2/$AU$1*(sub!M13-sub!$B13)^2)^1/2 -> 0.072434431 | L15: =($L$2/$AU$1*(sub!N13-sub!$B13)^2)^1/2 -> 0.0692307 | M15: =($M$2/$AU$1*(sub!O13-sub!$B13)^2)^1/2 -> 0.021931345 | N15: =($N$2/$AU$1*(sub!P13-sub!$B13)^2)^1/2 -> 0.0029070838 | O15: =($O$2/$AU$1*(sub!Q13-sub!$B13)^2)^1/2 -> 0.0023410326 | P15: =($P$2/$AU$1*(sub!R13-sub!$B13)^2)^1/2 -> 0.58562265 | Q15: =($Q$2/$AU$1*(sub!S13-sub!$B13)^2)^1/2 -> 0.035318146 | R15: =($R$2/$AU$1*(sub!T13-sub!$B13)^2)^1/2 -> 0.021276631 | S15: =($S$2/$AU$1*(sub!U13-sub!$B13)^2)^1/2 -> 0.045004602 | T15: =($T$2/$AU$1*(sub!V13-sub!$B13)^2)^1/2 -> 0.31820384 | U15: =($U$2/$AU$1*(sub!W13-sub!$B13)^2)^1/2 -> 0.00097359536 | V15: =($V$2/$AU$1*(sub!X13-sub!$B13)^2)^1/2 -> 0.16682564 | W15: =($W$2/$AU$1*(sub!Y13-sub!$B13)^2)^1/2 -> 6.072811 | X15: =($X$2/$AU$1*(sub!Z13-sub!$B13)^2)^1/2 -> 0.18756091 | Y15: =($Y$2/$AU$1*(sub!AA13-sub!$B13)^2)^1/2 -> 7.8399281e-06 | Z15: =($Z$2/$AU$1*(sub!AB13-sub!$B13)^2)^1/2 -> 0.0086236156 | AA15: =($AA$2/$AU$1*(sub!AC13-sub!$B13)^2)^1/2 -> 0.084425304 | AB15: =($AB$2/$AU$1*(sub!AD13-sub!$B13)^2)^1/2 -> 0.077797439 | AC15: =($AC$2/$AU$1*(sub!AE13-sub!$B13)^2)^1/2 -> 0.47200413 | AD15: =($AD$2/$AU$1*(sub!AF13-sub!$B13)^2)^1/2 -> 0.029195357 | AE15: =($AE$2/$AU$1*(sub!AG13-sub!$B13)^2)^1/2 -> 0.093502529 | AF15: =($AF$2/$AU$1*(sub!AH13-sub!$B13)^2)^1/2 -> 0.51981881 | AG15: =($AG$2/$AU$1*(sub!AI13-sub!$B13)^2)^1/2 -> 3.1704104 | AH15: =($AH$2/$AU$1*(sub!AJ13-sub!$B13)^2)^1/2 -> 0.41985239 | AI15: =($AI$2/$AU$1*(sub!AK13-sub!$B13)^2)^1/2 -> 0.044722477 | AJ15: =($AJ$2/$AU$1*(sub!AL13-sub!$B13)^2)^1/2 -> 1.5785504 | AK15: =($AK$2/$AU$1*(sub!AM13-sub!$B13)^2)^1/2 -> 0.027584505 | AL15: =($AL$2/$AU$1*(sub!AN13-sub!$B13)^2)^1/2 -> 0.012459259 | AM15: =($AM$2/$AU$1*(sub!AO13-sub!$B13)^2)^1/2 -> 0.20245559 | AN15: =($AN$2/$AU$1*(sub!AP13-sub!$B13)^2)^1/2 -> 0.022958241 | AO15: =($AO$2/$AU$1*(sub!AQ13-sub!$B13)^2)^1/2 -> 0.10672058 | AP15: =($AP$2/$AU$1*(sub!AR13-sub!$B13)^2)^1/2 -> 2.0319916e-06 | AQ15: =($AQ$2/$AU$1*(sub!AS13-sub!$B13)^2)^1/2 -> 0.050535811 | AR15: =($AR$2/$AU$1*(sub!AT13-sub!$B13)^2)^1/2 -> 0.043270162 | AS15: =($AS$2/$AU$1*(sub!AU13-sub!$B13)^2)^1/2 -> 1.3550903 | AT15: =($AT$2/$AU$1*(sub!AV13-sub!$B13)^2)^1/2 -> 0.019311464 | AV15: =SUM(B15:AT15)/COUNT(B15:AT15) -> 0.44630997 | AW15: =LOG(AV15) -> -0.35036342
... A206: 45991 | B206: =($B$2/$AU$1*(sub!D204-sub!$B204)^2)^1/2 -> 0.067582928 | C206: =($C$2/$AU$1*(sub!E204-sub!$B204)^2)^1/2 -> 1.9111957 | D206: =($D$2/$AU$1*(sub!F204-sub!$B204)^2)^1/2 -> 0.00021073402 | E206: =($E$2/$AU$1*(sub!G204-sub!$B204)^2)^1/2 -> 0.20221884 | F206: =($F$2/$AU$1*(sub!H204-sub!$B204)^2)^1/2 -> 0.012390798 | G206: =($G$2/$AU$1*(sub!I204-sub!$B204)^2)^1/2 -> 0.10761393 | H206: =($H$2/$AU$1*(sub!J204-sub!$B204)^2)^1/2 -> 0.29186732 | I206: =($I$2/$AU$1*(sub!K204-sub!$B204)^2)^1/2 -> 3.7134982e-05 | J206: =($J$2/$AU$1*(sub!L204-sub!$B204)^2)^1/2 -> 0.0015531047 | K206: =($K$2/$AU$1*(sub!M204-sub!$B204)^2)^1/2 -> 0.065940773 | L206: =($L$2/$AU$1*(sub!N204-sub!$B204)^2)^1/2 -> 0.022211806 | M206: =($M$2/$AU$1*(sub!O204-sub!$B204)^2)^1/2 -> 0.00017528441 | N206: =($N$2/$AU$1*(sub!P204-sub!$B204)^2)^1/2 -> 0.0095230337 | O206: =($O$2/$AU$1*(sub!Q204-sub!$B204)^2)^1/2 -> 0.012179326 | P206: =($P$2/$AU$1*(sub!R204-sub!$B204)^2)^1/2 -> 0.0044965186 | Q206: =($Q$2/$AU$1*(sub!S204-sub!$B204)^2)^1/2 -> 0.082319815 | R206: =($R$2/$AU$1*(sub!T204-sub!$B204)^2)^1/2 -> 0.025460896 | S206: =($S$2/$AU$1*(sub!U204-sub!$B204)^2)^1/2 -> 0.001887016 | T206: =($T$2/$AU$1*(sub!V204-sub!$B204)^2)^1/2 -> 0.013643487 | U206: =($U$2/$AU$1*(sub!W204-sub!$B204)^2)^1/2 -> 3.2064096e-05 | V206: =($V$2/$AU$1*(sub!X204-sub!$B204)^2)^1/2 -> 0.23505738 | W206: =($W$2/$AU$1*(sub!Y204-sub!$B204)^2)^1/2 -> 0.39624822 | X206: =($X$2/$AU$1*(sub!Z204-sub!$B204)^2)^1/2 -> 0.14091447 | Y206: =($Y$2/$AU$1*(sub!AA204-sub!$B204)^2)^1/2 -> 0.09989735 | Z206: =($Z$2/$AU$1*(sub!AB204-sub!$B204)^2)^1/2 -> 0.00075590016 | AA206: =($AA$2/$AU$1*(sub!AC204-sub!$B204)^2)^1/2 -> 0.0010564724 | AB206: =($AB$2/$AU$1*(sub!AD204-sub!$B204)^2)^1/2 -> 0.019339309 | AC206: =($AC$2/$AU$1*(sub!AE204-sub!$B204)^2)^1/2 -> 0.18999781 | AD206: =($AD$2/$AU$1*(sub!AF204-sub!$B204)^2)^1/2 -> 0.22515838 | AE206: =($AE$2/$AU$1*(sub!AG204-sub!$B204)^2)^1/2 -> 0.042695322 | AF206: =($AF$2/$AU$1*(sub!AH204-sub!$B204)^2)^1/2 -> 0.39473729 | AG206: =($AG$2/$AU$1*(sub!AI204-sub!$B204)^2)^1/2 -> 1.1647554 | AH206: =($AH$2/$AU$1*(sub!AJ204-sub!$B204)^2)^1/2 -> 0.011209874 | AI206: =($AI$2/$AU$1*(sub!AK204-sub!$B204)^2)^1/2 -> 0.079098021 | AJ206: =($AJ$2/$AU$1*(sub!AL204-sub!$B204)^2)^1/2 -> 0.0047072154 | AK206: =($AK$2/$AU$1*(sub!AM204-sub!$B204)^2)^1/2 -> 0.0032475454 | AL206: =($AL$2/$AU$1*(sub!AN204-sub!$B204)^2)^1/2 -> 0.00014376656 | AM206: =($AM$2/$AU$1*(sub!AO204-sub!$B204)^2)^1/2 -> 0.015788487 | AN206: =($AN$2/$AU$1*(sub!AP204-sub!$B204)^2)^1/2 -> 0.00019305437 | AO206: =($AO$2/$AU$1*(sub!AQ204-sub!$B204)^2)^1/2 -> 0.019276033 | AP206: =($AP$2/$AU$1*(sub!AR204-sub!$B204)^2)^1/2 -> 0.0018512812 | AQ206: =($AQ$2/$AU$1*(sub!AS204-sub!$B204)^2)^1/2 -> 0.031701515 | AR206: =($AR$2/$AU$1*(sub!AT204-sub!$B204)^2)^1/2 -> 0.0031489014 | AS206: =($AS$2/$AU$1*(sub!AU204-sub!$B204)^2)^1/2 -> 0.70565297 | AT206: =($AT$2/$AU$1*(sub!AV204-sub!$B204)^2)^1/2 -> 0.028781004 | AV206: =SUM(B206:AT206)/COUNT(B206:AT206) -> 0.1477323 | AW206: =LOG(AV206) -> -0.83052454

Sheet  CoV (Caraballo & Dab)
A1: month | B1: cerealprod | C1: meat | D1: fish_seafood | E1: milk_dairy_eggs | F1: oil_fats | G1: fruit_nuts | H1: veggies | I1: sugar_dess | J1: other_food | K1: hot_bev | L1: cold_bev | M1: spirits | N1: wine | O1: beer | P1: tobacco | Q1: clothing | R1: footwear | S1: rentals | T1: OER | U1: main_repairs | V1: water_sup_serv | W1: electr_ofuels | X1: furn_carp | Y1: app_table_equip | Z1: gs_for_housemain | AA1: med_healthpro | AB1: health_serv | AC1: purch_vehicle | AD1: fuel | AE1: other_op_pers_trans_equip | AF1: pass_trans_serv | AG1: inf_com_equip | AH1: info_com_serv | AI1: recr_goods_gardnprod | AJ1: recr_cult_serv | AK1: news_book_stat | AL1: pack_hol | AM1: prim_sec_edu | AN1: tert_edu | AO1: restaurants | AP1: accom_serv | AQ1: pers_care | AR1: other_serv | AS1: insurance | AT1: fin_serv | AU1: 1
B2: 4.14 | C2: 5.1 | D2: 0.43 | E2: 1.83 | F2: 0.82 | G2: 0.62 | H2: 1.74 | I2: 0.92 | J2: 1.24 | K2: 0.39 | L2: 1 | M2: 0.77 | N2: 0.47 | O2: 1.77 | P2: 1.13 | Q2: 2.85 | R2: 1.05 | S2: 4.37 | T2: 11.16 | U2: 0.64 | V2: 3.83 | W2: 4.1 | X2: 0.53 | Y2: 0.38 | Z2: 1.83 | AA2: 0.9 | AB2: 0.88 | AC2: 5.61 | AD2: 3.89 | AE2: 1.39 | AF2: 2.91 | AG2: 0.94 | AH2: 4.53 | AI2: 0.78 | AJ2: 1.85 | AK2: 0.25 | AL2: 0.06 | AM2: 1.41 | AN2: 1 | AO2: 4.75 | AP2: 1.37 | AQ2: 1.01 | AR2: 1.77 | AS2: 8.41 | AT2: 2 | AV2: rpd
B3: =B2/$Q$2 -> 1.4526316 | C3: =C2/$Q$2 -> 1.7894737 | D3: =D2/$Q$2 -> 0.15087719 | E3: =E2/$Q$2 -> 0.64210526 | F3: =F2/$Q$2 -> 0.2877193 | G3: =G2/$Q$2 -> 0.21754386 | H3: =H2/$Q$2 -> 0.61052632 | I3: =I2/$Q$2 -> 0.32280702 | ... AT3: =AT2/$Q$2 -> 0.70175439
A4: 39844 | B4: =(($B$2/$AU$1*(sub!D2-sub!$B2)^2)^1/2)/sub!$B2 -> 98.631286 | C4: =(($C$2/$AU$1*(sub!E2-sub!$B2)^2)^1/2)/sub!$B2 -> 0.018182757 | D4: =(($D$2/$AU$1*(sub!F2-sub!$B2)^2)^1/2)/sub!$B2 -> 3.2602634 | E4: =(($E$2/$AU$1*(sub!G2-sub!$B2)^2)^1/2)/sub!$B2 -> 5.0784788 | F4: =(($F$2/$AU$1*(sub!H2-sub!$B2)^2)^1/2)/sub!$B2 -> 26.038427 | G4: =(($G$2/$AU$1*(sub!I2-sub!$B2)^2)^1/2)/sub!$B2 -> 0.10564595 | H4: =(($H$2/$AU$1*(sub!J2-sub!$B2)^2)^1/2)/sub!$B2 -> 12.717828 | I4: =(($I$2/$AU$1*(sub!K2-sub!$B2)^2)^1/2)/sub!$B2 -> 1.3575156 | J4: =(($J$2/$AU$1*(sub!L2-sub!$B2)^2)^1/2)/sub!$B2 -> 7.7869396 | K4: =(($K$2/$AU$1*(sub!M2-sub!$B2)^2)^1/2)/sub!$B2 -> 5.5938791 | L4: =(($L$2/$AU$1*(sub!N2-sub!$B2)^2)^1/2)/sub!$B2 -> 0.048028547 | M4: =(($M$2/$AU$1*(sub!O2-sub!$B2)^2)^1/2)/sub!$B2 -> 1.0374584 | N4: =(($N$2/$AU$1*(sub!P2-sub!$B2)^2)^1/2)/sub!$B2 -> 0.03667315 | O4: =(($O$2/$AU$1*(sub!Q2-sub!$B2)^2)^1/2)/sub!$B2 -> 0.16433335 | P4: =(($P$2/$AU$1*(sub!R2-sub!$B2)^2)^1/2)/sub!$B2 -> 1.5608127 | Q4: =(($Q$2/$AU$1*(sub!S2-sub!$B2)^2)^1/2)/sub!$B2 -> 2.6983983 | R4: =(($R$2/$AU$1*(sub!T2-sub!$B2)^2)^1/2)/sub!$B2 -> 1.586498 | S4: =(($S$2/$AU$1*(sub!U2-sub!$B2)^2)^1/2)/sub!$B2 -> 0.02664338 | T4: =(($T$2/$AU$1*(sub!V2-sub!$B2)^2)^1/2)/sub!$B2 -> 0.88339706 | U4: =(($U$2/$AU$1*(sub!W2-sub!$B2)^2)^1/2)/sub!$B2 -> 2.6349059 | V4: =(($V$2/$AU$1*(sub!X2-sub!$B2)^2)^1/2)/sub!$B2 -> 2.3939638 | W4: =(($W$2/$AU$1*(sub!Y2-sub!$B2)^2)^1/2)/sub!$B2 -> 132.15172 | X4: =(($X$2/$AU$1*(sub!Z2-sub!$B2)^2)^1/2)/sub!$B2 -> 1.9871723 | Y4: =(($Y$2/$AU$1*(sub!AA2-sub!$B2)^2)^1/2)/sub!$B2 -> 0.16553886 | Z4: =(($Z$2/$AU$1*(sub!AB2-sub!$B2)^2)^1/2)/sub!$B2 -> 0.0022840304 | AA4: =(($AA$2/$AU$1*(sub!AC2-sub!$B2)^2)^1/2)/sub!$B2 -> 0.015480808 | AB4: =(($AB$2/$AU$1*(sub!AD2-sub!$B2)^2)^1/2)/sub!$B2 -> 0.017781976 | AC4: =(($AC$2/$AU$1*(sub!AE2-sub!$B2)^2)^1/2)/sub!$B2 -> 17.052718 | AD4: =(($AD$2/$AU$1*(sub!AF2-sub!$B2)^2)^1/2)/sub!$B2 -> 198.17737 | AE4: =(($AE$2/$AU$1*(sub!AG2-sub!$B2)^2)^1/2)/sub!$B2 -> 1.7903338 | AF4: =(($AF$2/$AU$1*(sub!AH2-sub!$B2)^2)^1/2)/sub!$B2 -> 14.26175 | AG4: =(($AG$2/$AU$1*(sub!AI2-sub!$B2)^2)^1/2)/sub!$B2 -> 10.112192 | AH4: =(($AH$2/$AU$1*(sub!AJ2-sub!$B2)^2)^1/2)/sub!$B2 -> 12.552909 | AI4: =(($AI$2/$AU$1*(sub!AK2-sub!$B2)^2)^1/2)/sub!$B2 -> 0.20443689 | AJ4: =(($AJ$2/$AU$1*(sub!AL2-sub!$B2)^2)^1/2)/sub!$B2 -> 1.0166213 | AK4: =(($AK$2/$AU$1*(sub!AM2-sub!$B2)^2)^1/2)/sub!$B2 -> 0.014684418 | AL4: =(($AL$2/$AU$1*(sub!AN2-sub!$B2)^2)^1/2)/sub!$B2 -> 0.24343675 | AM4: =(($AM$2/$AU$1*(sub!AO2-sub!$B2)^2)^1/2)/sub!$B2 -> 0.045063108 | AN4: =(($AN$2/$AU$1*(sub!AP2-sub!$B2)^2)^1/2)/sub!$B2 -> 0.10571375 | AO4: =(($AO$2/$AU$1*(sub!AQ2-sub!$B2)^2)^1/2)/sub!$B2 -> 6.9694949 | AP4: =(($AP$2/$AU$1*(sub!AR2-sub!$B2)^2)^1/2)/sub!$B2 -> 2.8730918 | AQ4: =(($AQ$2/$AU$1*(sub!AS2-sub!$B2)^2)^1/2)/sub!$B2 -> 0.97317115 | AR4: =(($AR$2/$AU$1*(sub!AT2-sub!$B2)^2)^1/2)/sub!$B2 -> 14.056372 | AS4: =(($AS$2/$AU$1*(sub!AU2-sub!$B2)^2)^1/2)/sub!$B2 -> 1.5781836 | AT4: =(($AT$2/$AU$1*(sub!AV2-sub!$B2)^2)^1/2)/sub!$B2 -> 10.044931 | AV4: =SUM(B4:AT4)/COUNT(B4:AT4) -> 13.334934
A5: 39872 | B5: =(($B$2/$AU$1*(sub!D3-sub!$B3)^2)^1/2)/sub!$B3 -> 61.192977 | C5: =(($C$2/$AU$1*(sub!E3-sub!$B3)^2)^1/2)/sub!$B3 -> 0.71080213 | D5: =(($D$2/$AU$1*(sub!F3-sub!$B3)^2)^1/2)/sub!$B3 -> 3.4784658 | E5: =(($E$2/$AU$1*(sub!G3-sub!$B3)^2)^1/2)/sub!$B3 -> 3.38478 | F5: =(($F$2/$AU$1*(sub!H3-sub!$B3)^2)^1/2)/sub!$B3 -> 14.539648 | G5: =(($G$2/$AU$1*(sub!I3-sub!$B3)^2)^1/2)/sub!$B3 -> 0.01154293 | H5: =(($H$2/$AU$1*(sub!J3-sub!$B3)^2)^1/2)/sub!$B3 -> 11.630406 | I5: =(($I$2/$AU$1*(sub!K3-sub!$B3)^2)^1/2)/sub!$B3 -> 1.4543772 | J5: =(($J$2/$AU$1*(sub!L3-sub!$B3)^2)^1/2)/sub!$B3 -> 8.2940526 | K5: =(($K$2/$AU$1*(sub!M3-sub!$B3)^2)^1/2)/sub!$B3 -> 5.3450955 | L5: =(($L$2/$AU$1*(sub!N3-sub!$B3)^2)^1/2)/sub!$B3 -> 1.6908097 | M5: =(($M$2/$AU$1*(sub!O3-sub!$B3)^2)^1/2)/sub!$B3 -> 0.3684366 | N5: =(($N$2/$AU$1*(sub!P3-sub!$B3)^2)^1/2)/sub!$B3 -> 0.051026535 | O5: =($O$2/$AU$1*(sub!Q3-sub!$B3)^2)^1/2 -> 5.0124058 | P5: =(($P$2/$AU$1*(sub!R3-sub!$B3)^2)^1/2)/sub!$B3 -> 2.4133177 | Q5: =(($Q$2/$AU$1*(sub!S3-sub!$B3)^2)^1/2)/sub!$B3 -> 1.8357474 | R5: =(($R$2/$AU$1*(sub!T3-sub!$B3)^2)^1/2)/sub!$B3 -> 1.3860552 | S5: =(($S$2/$AU$1*(sub!U3-sub!$B3)^2)^1/2)/sub!$B3 -> 0.064249 | T5: =(($T$2/$AU$1*(sub!V3-sub!$B3)^2)^1/2)/sub!$B3 -> 1.1593487 | U5: =(($U$2/$AU$1*(sub!W3-sub!$B3)^2)^1/2)/sub!$B3 -> 2.6827559 | V5: =(($V$2/$AU$1*(sub!X3-sub!$B3)^2)^1/2)/sub!$B3 -> 2.6133203 | W5: =(($W$2/$AU$1*(sub!Y3-sub!$B3)^2)^1/2)/sub!$B3 -> 119.49888 | X5: =(($X$2/$AU$1*(sub!Z3-sub!$B3)^2)^1/2)/sub!$B3 -> 1.5795236 | Y5: =($Y$2/$AU$1*(sub!AA3-sub!$B3)^2)^1/2 -> 7.6133714 | Z5: =(($Z$2/$AU$1*(sub!AB3-sub!$B3)^2)^1/2)/sub!$B3 -> 0.046771495 | AA5: =(($AA$2/$AU$1*(sub!AC3-sub!$B3)^2)^1/2)/sub!$B3 -> 0.012383765 | AB5: =(($AB$2/$AU$1*(sub!AD3-sub!$B3)^2)^1/2)/sub!$B3 -> 0.17883694 | AC5: =(($AC$2/$AU$1*(sub!AE3-sub!$B3)^2)^1/2)/sub!$B3 -> 13.381525 | AD5: =(($AD$2/$AU$1*(sub!AF3-sub!$B3)^2)^1/2)/sub!$B3 -> 115.72549 | AE5: =(($AE$2/$AU$1*(sub!AG3-sub!$B3)^2)^1/2)/sub!$B3 -> 2.9024273 | AF5: =(($AF$2/$AU$1*(sub!AH3-sub!$B3)^2)^1/2)/sub!$B3 -> 9.1893355 | AG5: =(($AG$2/$AU$1*(sub!AI3-sub!$B3)^2)^1/2)/sub!$B3 -> 11.034813 | AH5: =(($AH$2/$AU$1*(sub!AJ3-sub!$B3)^2)^1/2)/sub!$B3 -> 12.94701 | AI5: =(($AI$2/$AU$1*(sub!AK3-sub!$B3)^2)^1/2)/sub!$B3 -> 0.27369465 | AJ5: =(($AJ$2/$AU$1*(sub!AL3-sub!$B3)^2)^1/2)/sub!$B3 -> 0.32248151 | AK5: =(($AK$2/$AU$1*(sub!AM3-sub!$B3)^2)^1/2)/sub!$B3 -> 0.16682018 | AL5: =(($AL$2/$AU$1*(sub!AN3-sub!$B3)^2)^1/2)/sub!$B3 -> 0.24881517 | AM5: =(($AM$2/$AU$1*(sub!AO3-sub!$B3)^2)^1/2)/sub!$B3 -> 0.068771653 | AN5: =(($AN$2/$AU$1*(sub!AP3-sub!$B3)^2)^1/2)/sub!$B3 -> 0.1336796 | AO5: =(($AO$2/$AU$1*(sub!AQ3-sub!$B3)^2)^1/2)/sub!$B3 -> 6.8990515 | AP5: =(($AP$2/$AU$1*(sub!AR3-sub!$B3)^2)^1/2)/sub!$B3 -> 2.4515814 | AQ5: =(($AQ$2/$AU$1*(sub!AS3-sub!$B3)^2)^1/2)/sub!$B3 -> 1.5463569 | AR5: =(($AR$2/$AU$1*(sub!AT3-sub!$B3)^2)^1/2)/sub!$B3 -> 13.321599 | AS5: =(($AS$2/$AU$1*(sub!AU3-sub!$B3)^2)^1/2)/sub!$B3 -> 0.077552065 | AT5: =(($AT$2/$AU$1*(sub!AV3-sub!$B3)^2)^1/2)/sub!$B3 -> 9.4413607 | AV5: =SUM(B5:AT5)/COUNT(B5:AT5) -> 10.186261
A6: 39903 | B6: =(($B$2/$AU$1*(sub!D4-sub!$B4)^2)^1/2)/sub!$B4 -> 33.383675 | C6: =(($C$2/$AU$1*(sub!E4-sub!$B4)^2)^1/2)/sub!$B4 -> 1.8842567 | D6: =(($D$2/$AU$1*(sub!F4-sub!$B4)^2)^1/2)/sub!$B4 -> 3.8871743 | E6: =(($E$2/$AU$1*(sub!G4-sub!$B4)^2)^1/2)/sub!$B4 -> 1.6370667 | F6: =(($F$2/$AU$1*(sub!H4-sub!$B4)^2)^1/2)/sub!$B4 -> 0.60153065 | G6: =(($G$2/$AU$1*(sub!I4-sub!$B4)^2)^1/2)/sub!$B4 -> 0.76776415 | H6: =(($H$2/$AU$1*(sub!J4-sub!$B4)^2)^1/2)/sub!$B4 -> 10.428667 | I6: =(($I$2/$AU$1*(sub!K4-sub!$B4)^2)^1/2)/sub!$B4 -> 2.7073431 | J6: =(($J$2/$AU$1*(sub!L4-sub!$B4)^2)^1/2)/sub!$B4 -> 5.2709524 | K6: =(($K$2/$AU$1*(sub!M4-sub!$B4)^2)^1/2)/sub!$B4 -> 7.6832602 | L6: =(($L$2/$AU$1*(sub!N4-sub!$B4)^2)^1/2)/sub!$B4 -> 0.088247318 | M6: =(($M$2/$AU$1*(sub!O4-sub!$B4)^2)^1/2)/sub!$B4 -> 0.15351664 | N6: =(($N$2/$AU$1*(sub!P4-sub!$B4)^2)^1/2)/sub!$B4 -> 0.001173823 | O6: =($O$2/$AU$1*(sub!Q4-sub!$B4)^2)^1/2 -> 0.089056346 | P6: =(($P$2/$AU$1*(sub!R4-sub!$B4)^2)^1/2)/sub!$B4 -> 1.7833849 | Q6: =(($Q$2/$AU$1*(sub!S4-sub!$B4)^2)^1/2)/sub!$B4 -> 1.7739952 | R6: =(($R$2/$AU$1*(sub!T4-sub!$B4)^2)^1/2)/sub!$B4 -> 1.350659 | S6: =(($S$2/$AU$1*(sub!U4-sub!$B4)^2)^1/2)/sub!$B4 -> 0.814383 | T6: =(($T$2/$AU$1*(sub!V4-sub!$B4)^2)^1/2)/sub!$B4 -> 5.4878399 | U6: =(($U$2/$AU$1*(sub!W4-sub!$B4)^2)^1/2)/sub!$B4 -> 3.1605488 | V6: =(($V$2/$AU$1*(sub!X4-sub!$B4)^2)^1/2)/sub!$B4 -> 2.7597971 | W6: =(($W$2/$AU$1*(sub!Y4-sub!$B4)^2)^1/2)/sub!$B4 -> 116.57665 | X6: =(($X$2/$AU$1*(sub!Z4-sub!$B4)^2)^1/2)/sub!$B4 -> 1.3646832 | Y6: =($Y$2/$AU$1*(sub!AA4-sub!$B4)^2)^1/2 -> 7.9408359 | Z6: =(($Z$2/$AU$1*(sub!AB4-sub!$B4)^2)^1/2)/sub!$B4 -> 0.041564503 | AA6: =(($AA$2/$AU$1*(sub!AC4-sub!$B4)^2)^1/2)/sub!$B4 -> 1.3693079 | AB6: =(($AB$2/$AU$1*(sub!AD4-sub!$B4)^2)^1/2)/sub!$B4 -> 0.15451528 | AC6: =(($AC$2/$AU$1*(sub!AE4-sub!$B4)^2)^1/2)/sub!$B4 -> 12.924442 | AD6: =(($AD$2/$AU$1*(sub!AF4-sub!$B4)^2)^1/2)/sub!$B4 -> 123.90532 | AE6: =(($AE$2/$AU$1*(sub!AG4-sub!$B4)^2)^1/2)/sub!$B4 -> 3.1632386 | AF6: =(($AF$2/$AU$1*(sub!AH4-sub!$B4)^2)^1/2)/sub!$B4 -> 5.0627499 | AG6: =(($AG$2/$AU$1*(sub!AI4-sub!$B4)^2)^1/2)/sub!$B4 -> 10.263005 | AH6: =(($AH$2/$AU$1*(sub!AJ4-sub!$B4)^2)^1/2)/sub!$B4 -> 13.205307 | AI6: =(($AI$2/$AU$1*(sub!AK4-sub!$B4)^2)^1/2)/sub!$B4 -> 0.78042309 | AJ6: =(($AJ$2/$AU$1*(sub!AL4-sub!$B4)^2)^1/2)/sub!$B4 -> 14.58346 | AK6: =(($AK$2/$AU$1*(sub!AM4-sub!$B4)^2)^1/2)/sub!$B4 -> 0.28182287 | AL6: =(($AL$2/$AU$1*(sub!AN4-sub!$B4)^2)^1/2)/sub!$B4 -> 0.25233645 | AM6: =(($AM$2/$AU$1*(sub!AO4-sub!$B4)^2)^1/2)/sub!$B4 -> 0.96440265 | AN6: =(($AN$2/$AU$1*(sub!AP4-sub!$B4)^2)^1/2)/sub!$B4 -> 0.0018422439 | AO6: =(($AO$2/$AU$1*(sub!AQ4-sub!$B4)^2)^1/2)/sub!$B4 -> 5.3837429 | AP6: =(($AP$2/$AU$1*(sub!AR4-sub!$B4)^2)^1/2)/sub!$B4 -> 3.0981191 | AQ6: =(($AQ$2/$AU$1*(sub!AS4-sub!$B4)^2)^1/2)/sub!$B4 -> 3.0161031 | AR6: =(($AR$2/$AU$1*(sub!AT4-sub!$B4)^2)^1/2)/sub!$B4 -> 12.861169 | AS6: =(($AS$2/$AU$1*(sub!AU4-sub!$B4)^2)^1/2)/sub!$B4 -> 0.67323606 | AT6: =(($AT$2/$AU$1*(sub!AV4-sub!$B4)^2)^1/2)/sub!$B4 -> 14.567396 | AV6: =SUM(B6:AT6)/COUNT(B6:AT6) -> 9.7366659
A7: 39933 | B7: =(($B$2/$AU$1*(sub!D5-sub!$B5)^2)^1/2)/sub!$B5 -> 21.579131 | C7: =(($C$2/$AU$1*(sub!E5-sub!$B5)^2)^1/2)/sub!$B5 -> 1.5255312 | D7: =(($D$2/$AU$1*(sub!F5-sub!$B5)^2)^1/2)/sub!$B5 -> 1.5223374 | E7: =(($E$2/$AU$1*(sub!G5-sub!$B5)^2)^1/2)/sub!$B5 -> 2.0208812 | F7: =(($F$2/$AU$1*(sub!H5-sub!$B5)^2)^1/2)/sub!$B5 -> 2.4752773 | G7: =(($G$2/$AU$1*(sub!I5-sub!$B5)^2)^1/2)/sub!$B5 -> 0.58228921 | H7: =(($H$2/$AU$1*(sub!J5-sub!$B5)^2)^1/2)/sub!$B5 -> 9.4110261 | I7: =(($I$2/$AU$1*(sub!K5-sub!$B5)^2)^1/2)/sub!$B5 -> 3.5993622 | J7: =(($J$2/$AU$1*(sub!L5-sub!$B5)^2)^1/2)/sub!$B5 -> 5.9205608 | K7: =(($K$2/$AU$1*(sub!M5-sub!$B5)^2)^1/2)/sub!$B5 -> 12.266348 | L7: =(($L$2/$AU$1*(sub!N5-sub!$B5)^2)^1/2)/sub!$B5 -> 0.052954004 | M7: =(($M$2/$AU$1*(sub!O5-sub!$B5)^2)^1/2)/sub!$B5 -> 0.13831526 | N7: =(($N$2/$AU$1*(sub!P5-sub!$B5)^2)^1/2)/sub!$B5 -> 0.013568565 | O7: =($O$2/$AU$1*(sub!Q5-sub!$B5)^2)^1/2 -> 0.00025581433 | P7: =(($P$2/$AU$1*(sub!R5-sub!$B5)^2)^1/2)/sub!$B5 -> 1.7690875 | Q7: =(($Q$2/$AU$1*(sub!S5-sub!$B5)^2)^1/2)/sub!$B5 -> 1.2371139 | R7: =(($R$2/$AU$1*(sub!T5-sub!$B5)^2)^1/2)/sub!$B5 -> 1.1692258 | S7: =(($S$2/$AU$1*(sub!U5-sub!$B5)^2)^1/2)/sub!$B5 -> 0.78243154 | T7: =(($T$2/$AU$1*(sub!V5-sub!$B5)^2)^1/2)/sub!$B5 -> 5.3645137 | U7: =(($U$2/$AU$1*(sub!W5-sub!$B5)^2)^1/2)/sub!$B5 -> 2.8050543 | V7: =(($V$2/$AU$1*(sub!X5-sub!$B5)^2)^1/2)/sub!$B5 -> 2.7107318 | W7: =(($W$2/$AU$1*(sub!Y5-sub!$B5)^2)^1/2)/sub!$B5 -> 107.9687 | X7: =(($X$2/$AU$1*(sub!Z5-sub!$B5)^2)^1/2)/sub!$B5 -> 2.177263 | Y7: =($Y$2/$AU$1*(sub!AA5-sub!$B5)^2)^1/2 -> 14.039064 | Z7: =(($Z$2/$AU$1*(sub!AB5-sub!$B5)^2)^1/2)/sub!$B5 -> 0.0023967189 | AA7: =(($AA$2/$AU$1*(sub!AC5-sub!$B5)^2)^1/2)/sub!$B5 -> 2.750157 | AB7: =(($AB$2/$AU$1*(sub!AD5-sub!$B5)^2)^1/2)/sub!$B5 -> 0.16238512 | AC7: =(($AC$2/$AU$1*(sub!AE5-sub!$B5)^2)^1/2)/sub!$B5 -> 9.9602869 | AD7: =(($AD$2/$AU$1*(sub!AF5-sub!$B5)^2)^1/2)/sub!$B5 -> 152.81282 | AE7: =(($AE$2/$AU$1*(sub!AG5-sub!$B5)^2)^1/2)/sub!$B5 -> 2.9366434 | AF7: =(($AF$2/$AU$1*(sub!AH5-sub!$B5)^2)^1/2)/sub!$B5 -> 7.7931268 | AG7: =(($AG$2/$AU$1*(sub!AI5-sub!$B5)^2)^1/2)/sub!$B5 -> 12.242227 | AH7: =(($AH$2/$AU$1*(sub!AJ5-sub!$B5)^2)^1/2)/sub!$B5 -> 11.127985 | AI7: =(($AI$2/$AU$1*(sub!AK5-sub!$B5)^2)^1/2)/sub!$B5 -> 0.63860524 | AJ7: =(($AJ$2/$AU$1*(sub!AL5-sub!$B5)^2)^1/2)/sub!$B5 -> 18.168742 | AK7: =(($AK$2/$AU$1*(sub!AM5-sub!$B5)^2)^1/2)/sub!$B5 -> 0.25441093 | AL7: =(($AL$2/$AU$1*(sub!AN5-sub!$B5)^2)^1/2)/sub!$B5 -> 0.25116279 | AM7: =(($AM$2/$AU$1*(sub!AO5-sub!$B5)^2)^1/2)/sub!$B5 -> 0.99138766 | AN7: =(($AN$2/$AU$1*(sub!AP5-sub!$B5)^2)^1/2)/sub!$B5 -> 0.0027648882 | AO7: =(($AO$2/$AU$1*(sub!AQ5-sub!$B5)^2)^1/2)/sub!$B5 -> 7.4554953 | AP7: =(($AP$2/$AU$1*(sub!AR5-sub!$B5)^2)^1/2)/sub!$B5 -> 2.5575676 | AQ7: =(($AQ$2/$AU$1*(sub!AS5-sub!$B5)^2)^1/2)/sub!$B5 -> 3.1615571 | AR7: =(($AR$2/$AU$1*(sub!AT5-sub!$B5)^2)^1/2)/sub!$B5 -> 8.4329668 | AS7: =(($AS$2/$AU$1*(sub!AU5-sub!$B5)^2)^1/2)/sub!$B5 -> 0.63154577 | AT7: =(($AT$2/$AU$1*(sub!AV5-sub!$B5)^2)^1/2)/sub!$B5 -> 14.739103 | AV7: =SUM(B7:AT7)/COUNT(B7:AT7) -> 10.182319
A8: 39964 | B8: =(($B$2/$AU$1*(sub!D6-sub!$B6)^2)^1/2)/sub!$B6 -> 1.4759678 | C8: =(($C$2/$AU$1*(sub!E6-sub!$B6)^2)^1/2)/sub!$B6 -> 1.4624472 | D8: =(($D$2/$AU$1*(sub!F6-sub!$B6)^2)^1/2)/sub!$B6 -> 0.91661283 | E8: =(($E$2/$AU$1*(sub!G6-sub!$B6)^2)^1/2)/sub!$B6 -> 2.5630723 | F8: =(($F$2/$AU$1*(sub!H6-sub!$B6)^2)^1/2)/sub!$B6 -> 6.734892 | G8: =(($G$2/$AU$1*(sub!I6-sub!$B6)^2)^1/2)/sub!$B6 -> 1.901305 | H8: =(($H$2/$AU$1*(sub!J6-sub!$B6)^2)^1/2)/sub!$B6 -> 9.4269667 | I8: =(($I$2/$AU$1*(sub!K6-sub!$B6)^2)^1/2)/sub!$B6 -> 3.7544442 | J8: =(($J$2/$AU$1*(sub!L6-sub!$B6)^2)^1/2)/sub!$B6 -> 6.9401759 | K8: =(($K$2/$AU$1*(sub!M6-sub!$B6)^2)^1/2)/sub!$B6 -> 15.077155 | L8: =(($L$2/$AU$1*(sub!N6-sub!$B6)^2)^1/2)/sub!$B6 -> 0.17809692 | M8: =(($M$2/$AU$1*(sub!O6-sub!$B6)^2)^1/2)/sub!$B6 -> 0.24363825 | N8: =(($N$2/$AU$1*(sub!P6-sub!$B6)^2)^1/2)/sub!$B6 -> 0.026837481 | O8: =($O$2/$AU$1*(sub!Q6-sub!$B6)^2)^1/2 -> 9.2513023e-05 | P8: =(($P$2/$AU$1*(sub!R6-sub!$B6)^2)^1/2)/sub!$B6 -> 2.0181539 | Q8: =(($Q$2/$AU$1*(sub!S6-sub!$B6)^2)^1/2)/sub!$B6 -> 1.1846844 | R8: =(($R$2/$AU$1*(sub!T6-sub!$B6)^2)^1/2)/sub!$B6 -> 1.2237251 | S8: =(($S$2/$AU$1*(sub!U6-sub!$B6)^2)^1/2)/sub!$B6 -> 0.56248701 | T8: =(($T$2/$AU$1*(sub!V6-sub!$B6)^2)^1/2)/sub!$B6 -> 4.4821053 | U8: =(($U$2/$AU$1*(sub!W6-sub!$B6)^2)^1/2)/sub!$B6 -> 1.8940337 | V8: =(($V$2/$AU$1*(sub!X6-sub!$B6)^2)^1/2)/sub!$B6 -> 2.3560894 | W8: =(($W$2/$AU$1*(sub!Y6-sub!$B6)^2)^1/2)/sub!$B6 -> 124.97493 | X8: =(($X$2/$AU$1*(sub!Z6-sub!$B6)^2)^1/2)/sub!$B6 -> 1.6694678 | Y8: =($Y$2/$AU$1*(sub!AA6-sub!$B6)^2)^1/2 -> 11.908565 | Z8: =(($Z$2/$AU$1*(sub!AB6-sub!$B6)^2)^1/2)/sub!$B6 -> 0.043825176 | AA8: =(($AA$2/$AU$1*(sub!AC6-sub!$B6)^2)^1/2)/sub!$B6 -> 1.9253451 | AB8: =(($AB$2/$AU$1*(sub!AD6-sub!$B6)^2)^1/2)/sub!$B6 -> 0.35847332 | AC8: =(($AC$2/$AU$1*(sub!AE6-sub!$B6)^2)^1/2)/sub!$B6 -> 3.3975613 | AD8: =(($AD$2/$AU$1*(sub!AF6-sub!$B6)^2)^1/2)/sub!$B6 -> 223.96949 | AE8: =(($AE$2/$AU$1*(sub!AG6-sub!$B6)^2)^1/2)/sub!$B6 -> 2.7238376 | AF8: =(($AF$2/$AU$1*(sub!AH6-sub!$B6)^2)^1/2)/sub!$B6 -> 7.1876033 | AG8: =(($AG$2/$AU$1*(sub!AI6-sub!$B6)^2)^1/2)/sub!$B6 -> 14.433307 | AH8: =(($AH$2/$AU$1*(sub!AJ6-sub!$B6)^2)^1/2)/sub!$B6 -> 10.51061 | AI8: =(($AI$2/$AU$1*(sub!AK6-sub!$B6)^2)^1/2)/sub!$B6 -> 0.58160423 | AJ8: =(($AJ$2/$AU$1*(sub!AL6-sub!$B6)^2)^1/2)/sub!$B6 -> 19.023621 | AK8: =(($AK$2/$AU$1*(sub!AM6-sub!$B6)^2)^1/2)/sub!$B6 -> 5.6077159e-05 | AL8: =(($AL$2/$AU$1*(sub!AN6-sub!$B6)^2)^1/2)/sub!$B6 -> 0.24249423 | AM8: =(($AM$2/$AU$1*(sub!AO6-sub!$B6)^2)^1/2)/sub!$B6 -> 1.2070549 | AN8: =(($AN$2/$AU$1*(sub!AP6-sub!$B6)^2)^1/2)/sub!$B6 -> 0.015719984 | AO8: =(($AO$2/$AU$1*(sub!AQ6-sub!$B6)^2)^1/2)/sub!$B6 -> 5.7320578 | AP8: =(($AP$2/$AU$1*(sub!AR6-sub!$B6)^2)^1/2)/sub!$B6 -> 2.4837821 | AQ8: =(($AQ$2/$AU$1*(sub!AS6-sub!$B6)^2)^1/2)/sub!$B6 -> 3.8496872 | AR8: =(($AR$2/$AU$1*(sub!AT6-sub!$B6)^2)^1/2)/sub!$B6 -> 9.3087039 | AS8: =(($AS$2/$AU$1*(sub!AU6-sub!$B6)^2)^1/2)/sub!$B6 -> 0.36044164 | AT8: =(($AT$2/$AU$1*(sub!AV6-sub!$B6)^2)^1/2)/sub!$B6 -> 16.070515 | AV8: =SUM(B8:AT8)/COUNT(B8:AT8) -> 11.697816
A9: 39994 | B9: =(($B$2/$AU$1*(sub!D7-sub!$B7)^2)^1/2)/sub!$B7 -> 0.37674303 | C9: =(($C$2/$AU$1*(sub!E7-sub!$B7)^2)^1/2)/sub!$B7 -> 0.79925442 | D9: =(($D$2/$AU$1*(sub!F7-sub!$B7)^2)^1/2)/sub!$B7 -> 0.57203276 | E9: =(($E$2/$AU$1*(sub!G7-sub!$B7)^2)^1/2)/sub!$B7 -> 4.6920041 | F9: =(($F$2/$AU$1*(sub!H7-sub!$B7)^2)^1/2)/sub!$B7 -> 11.742806 | G9: =(($G$2/$AU$1*(sub!I7-sub!$B7)^2)^1/2)/sub!$B7 -> 0.42834932 | H9: =(($H$2/$AU$1*(sub!J7-sub!$B7)^2)^1/2)/sub!$B7 -> 12.792838 | I9: =(($I$2/$AU$1*(sub!K7-sub!$B7)^2)^1/2)/sub!$B7 -> 3.9452146 | J9: =(($J$2/$AU$1*(sub!L7-sub!$B7)^2)^1/2)/sub!$B7 -> 5.8582319 | K9: =(($K$2/$AU$1*(sub!M7-sub!$B7)^2)^1/2)/sub!$B7 -> 11.874115 | L9: =(($L$2/$AU$1*(sub!N7-sub!$B7)^2)^1/2)/sub!$B7 -> 0.43336545 | M9: =(($M$2/$AU$1*(sub!O7-sub!$B7)^2)^1/2)/sub!$B7 -> 0.5779907 | N9: =(($N$2/$AU$1*(sub!P7-sub!$B7)^2)^1/2)/sub!$B7 -> 0.043524903 | O9: =($O$2/$AU$1*(sub!Q7-sub!$B7)^2)^1/2 -> 0.90531673 | P9: =(($P$2/$AU$1*(sub!R7-sub!$B7)^2)^1/2)/sub!$B7 -> 2.9736986 | Q9: =(($Q$2/$AU$1*(sub!S7-sub!$B7)^2)^1/2)/sub!$B7 -> 0.75756075 | R9: =(($R$2/$AU$1*(sub!T7-sub!$B7)^2)^1/2)/sub!$B7 -> 0.67788698 | S9: =(($S$2/$AU$1*(sub!U7-sub!$B7)^2)^1/2)/sub!$B7 -> 0.57069734 | T9: =(($T$2/$AU$1*(sub!V7-sub!$B7)^2)^1/2)/sub!$B7 -> 4.4323436 | U9: =(($U$2/$AU$1*(sub!W7-sub!$B7)^2)^1/2)/sub!$B7 -> 1.7825485 | V9: =(($V$2/$AU$1*(sub!X7-sub!$B7)^2)^1/2)/sub!$B7 -> 1.232582 | W9: =(($W$2/$AU$1*(sub!Y7-sub!$B7)^2)^1/2)/sub!$B7 -> 133.08196 | X9: =(($X$2/$AU$1*(sub!Z7-sub!$B7)^2)^1/2)/sub!$B7 -> 1.7481956 | Y9: =($Y$2/$AU$1*(sub!AA7-sub!$B7)^2)^1/2 -> 14.957249 | Z9: =(($Z$2/$AU$1*(sub!AB7-sub!$B7)^2)^1/2)/sub!$B7 -> 0.37062115 | AA9: =(($AA$2/$AU$1*(sub!AC7-sub!$B7)^2)^1/2)/sub!$B7 -> 2.400561 | AB9: =(($AB$2/$AU$1*(sub!AD7-sub!$B7)^2)^1/2)/sub!$B7 -> 0.80209053 | AC9: =(($AC$2/$AU$1*(sub!AE7-sub!$B7)^2)^1/2)/sub!$B7 -> 3.7231042 | AD9: =(($AD$2/$AU$1*(sub!AF7-sub!$B7)^2)^1/2)/sub!$B7 -> 282.17582 | AE9: =(($AE$2/$AU$1*(sub!AG7-sub!$B7)^2)^1/2)/sub!$B7 -> 3.6431013 | AF9: =(($AF$2/$AU$1*(sub!AH7-sub!$B7)^2)^1/2)/sub!$B7 -> 1.434866 | AG9: =(($AG$2/$AU$1*(sub!AI7-sub!$B7)^2)^1/2)/sub!$B7 -> 20.213392 | AH9: =(($AH$2/$AU$1*(sub!AJ7-sub!$B7)^2)^1/2)/sub!$B7 -> 8.3521272 | AI9: =(($AI$2/$AU$1*(sub!AK7-sub!$B7)^2)^1/2)/sub!$B7 -> 1.044406 | AJ9: =(($AJ$2/$AU$1*(sub!AL7-sub!$B7)^2)^1/2)/sub!$B7 -> 23.799197 | AK9: =(($AK$2/$AU$1*(sub!AM7-sub!$B7)^2)^1/2)/sub!$B7 -> 3.4207352e-05 | AL9: =(($AL$2/$AU$1*(sub!AN7-sub!$B7)^2)^1/2)/sub!$B7 -> 0.2118451 | AM9: =(($AM$2/$AU$1*(sub!AO7-sub!$B7)^2)^1/2)/sub!$B7 -> 2.2447805 | AN9: =(($AN$2/$AU$1*(sub!AP7-sub!$B7)^2)^1/2)/sub!$B7 -> 0.16483217 | AO9: =(($AO$2/$AU$1*(sub!AQ7-sub!$B7)^2)^1/2)/sub!$B7 -> 5.7603867 | AP9: =(($AP$2/$AU$1*(sub!AR7-sub!$B7)^2)^1/2)/sub!$B7 -> 4.5066998 | AQ9: =(($AQ$2/$AU$1*(sub!AS7-sub!$B7)^2)^1/2)/sub!$B7 -> 5.0308755 | AR9: =(($AR$2/$AU$1*(sub!AT7-sub!$B7)^2)^1/2)/sub!$B7 -> 13.147487 | AS9: =(($AS$2/$AU$1*(sub!AU7-sub!$B7)^2)^1/2)/sub!$B7 -> 0.14377396 | AT9: =(($AT$2/$AU$1*(sub!AV7-sub!$B7)^2)^1/2)/sub!$B7 -> 23.706665 | AV9: =SUM(B9:AT9)/COUNT(B9:AT9) -> 13.780737
A10: 40025 | B10: =(($B$2/$AU$1*(sub!D8-sub!$B8)^2)^1/2)/sub!$B8 -> 2.6440362 | C10: =(($C$2/$AU$1*(sub!E8-sub!$B8)^2)^1/2)/sub!$B8 -> 0.037493218 | D10: =(($D$2/$AU$1*(sub!F8-sub!$B8)^2)^1/2)/sub!$B8 -> 0.65329987 | E10: =(($E$2/$AU$1*(sub!G8-sub!$B8)^2)^1/2)/sub!$B8 -> 2.7342475 | F10: =(($F$2/$AU$1*(sub!H8-sub!$B8)^2)^1/2)/sub!$B8 -> 14.998029 | G10: =(($G$2/$AU$1*(sub!I8-sub!$B8)^2)^1/2)/sub!$B8 -> 0.46767958 | H10: =(($H$2/$AU$1*(sub!J8-sub!$B8)^2)^1/2)/sub!$B8 -> 7.837941 | I10: =(($I$2/$AU$1*(sub!K8-sub!$B8)^2)^1/2)/sub!$B8 -> 2.043221 | J10: =(($J$2/$AU$1*(sub!L8-sub!$B8)^2)^1/2)/sub!$B8 -> 3.8387172 | K10: =(($K$2/$AU$1*(sub!M8-sub!$B8)^2)^1/2)/sub!$B8 -> 11.103832 | L10: =(($L$2/$AU$1*(sub!N8-sub!$B8)^2)^1/2)/sub!$B8 -> 1.614858 | M10: =(($M$2/$AU$1*(sub!O8-sub!$B8)^2)^1/2)/sub!$B8 -> 0.51235523 | N10: =(($N$2/$AU$1*(sub!P8-sub!$B8)^2)^1/2)/sub!$B8 -> 0.047439848 | O10: =($O$2/$AU$1*(sub!Q8-sub!$B8)^2)^1/2 -> 0.97689256 | P10: =(($P$2/$AU$1*(sub!R8-sub!$B8)^2)^1/2)/sub!$B8 -> 6.8609278 | Q10: =(($Q$2/$AU$1*(sub!S8-sub!$B8)^2)^1/2)/sub!$B8 -> 0.35504444 | R10: =(($R$2/$AU$1*(sub!T8-sub!$B8)^2)^1/2)/sub!$B8 -> 0.34370828 | S10: =(($S$2/$AU$1*(sub!U8-sub!$B8)^2)^1/2)/sub!$B8 -> 0.34931017 | T10: =(($T$2/$AU$1*(sub!V8-sub!$B8)^2)^1/2)/sub!$B8 -> 3.473091 | U10: =(($U$2/$AU$1*(sub!W8-sub!$B8)^2)^1/2)/sub!$B8 -> 1.8649428 | V10: =(($V$2/$AU$1*(sub!X8-sub!$B8)^2)^1/2)/sub!$B8 -> 1.5678259 | W10: =(($W$2/$AU$1*(sub!Y8-sub!$B8)^2)^1/2)/sub!$B8 -> 128.17973 | X10: =(($X$2/$AU$1*(sub!Z8-sub!$B8)^2)^1/2)/sub!$B8 -> 1.6224785 | Y10: =($Y$2/$AU$1*(sub!AA8-sub!$B8)^2)^1/2 -> 8.4606515 | Z10: =(($Z$2/$AU$1*(sub!AB8-sub!$B8)^2)^1/2)/sub!$B8 -> 0.66312967 | AA10: =(($AA$2/$AU$1*(sub!AC8-sub!$B8)^2)^1/2)/sub!$B8 -> 1.6409692 | AB10: =(($AB$2/$AU$1*(sub!AD8-sub!$B8)^2)^1/2)/sub!$B8 -> 0.99666938 | AC10: =(($AC$2/$AU$1*(sub!AE8-sub!$B8)^2)^1/2)/sub!$B8 -> 6.1617106 | AD10: =(($AD$2/$AU$1*(sub!AF8-sub!$B8)^2)^1/2)/sub!$B8 -> 312.43433 | AE10: =(($AE$2/$AU$1*(sub!AG8-sub!$B8)^2)^1/2)/sub!$B8 -> 2.8606178 | AF10: =(($AF$2/$AU$1*(sub!AH8-sub!$B8)^2)^1/2)/sub!$B8 -> 2.7757402 | AG10: =(($AG$2/$AU$1*(sub!AI8-sub!$B8)^2)^1/2)/sub!$B8 -> 20.817918 | AH10: =(($AH$2/$AU$1*(sub!AJ8-sub!$B8)^2)^1/2)/sub!$B8 -> 7.6858803 | AI10: =(($AI$2/$AU$1*(sub!AK8-sub!$B8)^2)^1/2)/sub!$B8 -> 1.5683328 | AJ10: =(($AJ$2/$AU$1*(sub!AL8-sub!$B8)^2)^1/2)/sub!$B8 -> 25.311547 | AK10: =(($AK$2/$AU$1*(sub!AM8-sub!$B8)^2)^1/2)/sub!$B8 -> 0.0043409931 | AL10: =(($AL$2/$AU$1*(sub!AN8-sub!$B8)^2)^1/2)/sub!$B8 -> 0.20224719 | AM10: =(($AM$2/$AU$1*(sub!AO8-sub!$B8)^2)^1/2)/sub!$B8 -> 2.6793019 | AN10: =(($AN$2/$AU$1*(sub!AP8-sub!$B8)^2)^1/2)/sub!$B8 -> 0.25265258 | AO10: =(($AO$2/$AU$1*(sub!AQ8-sub!$B8)^2)^1/2)/sub!$B8 -> 6.0199458 | AP10: =(($AP$2/$AU$1*(sub!AR8-sub!$B8)^2)^1/2)/sub!$B8 -> 0.75499421 | AQ10: =(($AQ$2/$AU$1*(sub!AS8-sub!$B8)^2)^1/2)/sub!$B8 -> 5.6373951 | AR10: =(($AR$2/$AU$1*(sub!AT8-sub!$B8)^2)^1/2)/sub!$B8 -> 8.9317968 | AS10: =(($AS$2/$AU$1*(sub!AU8-sub!$B8)^2)^1/2)/sub!$B8 -> 9.0096535 | AT10: =(($AT$2/$AU$1*(sub!AV8-sub!$B8)^2)^1/2)/sub!$B8 -> 18.416562 | AV10: =SUM(B10:AT10)/COUNT(B10:AT10) -> 14.164744
A11: 40056 | B11: =(($B$2/$AU$1*(sub!D9-sub!$B9)^2)^1/2)/sub!$B9 -> 11.476579 | C11: =(($C$2/$AU$1*(sub!E9-sub!$B9)^2)^1/2)/sub!$B9 -> 0.17448372 | D11: =(($D$2/$AU$1*(sub!F9-sub!$B9)^2)^1/2)/sub!$B9 -> 0.66219626 | E11: =(($E$2/$AU$1*(sub!G9-sub!$B9)^2)^1/2)/sub!$B9 -> 2.3651705 | F11: =(($F$2/$AU$1*(sub!H9-sub!$B9)^2)^1/2)/sub!$B9 -> 20.586461 | G11: =(($G$2/$AU$1*(sub!I9-sub!$B9)^2)^1/2)/sub!$B9 -> 1.3162783 | H11: =(($H$2/$AU$1*(sub!J9-sub!$B9)^2)^1/2)/sub!$B9 -> 7.5877945 | I11: =(($I$2/$AU$1*(sub!K9-sub!$B9)^2)^1/2)/sub!$B9 -> 1.2506017 | J11: =(($J$2/$AU$1*(sub!L9-sub!$B9)^2)^1/2)/sub!$B9 -> 6.0367735 | K11: =(($K$2/$AU$1*(sub!M9-sub!$B9)^2)^1/2)/sub!$B9 -> 6.8792752 | L11: =(($L$2/$AU$1*(sub!N9-sub!$B9)^2)^1/2)/sub!$B9 -> 2.5715311 | M11: =(($M$2/$AU$1*(sub!O9-sub!$B9)^2)^1/2)/sub!$B9 -> 0.99518104 | N11: =(($N$2/$AU$1*(sub!P9-sub!$B9)^2)^1/2)/sub!$B9 -> 0.067425575 | O11: =($O$2/$AU$1*(sub!Q9-sub!$B9)^2)^1/2 -> 3.7051869 | P11: =(($P$2/$AU$1*(sub!R9-sub!$B9)^2)^1/2)/sub!$B9 -> 14.761516 | Q11: =(($Q$2/$AU$1*(sub!S9-sub!$B9)^2)^1/2)/sub!$B9 -> 0.2110697 | R11: =(($R$2/$AU$1*(sub!T9-sub!$B9)^2)^1/2)/sub!$B9 -> 0.25702728 | S11: =(($S$2/$AU$1*(sub!U9-sub!$B9)^2)^1/2)/sub!$B9 -> 0.037909505 | T11: =(($T$2/$AU$1*(sub!V9-sub!$B9)^2)^1/2)/sub!$B9 -> 1.6467546 | U11: =(($U$2/$AU$1*(sub!W9-sub!$B9)^2)^1/2)/sub!$B9 -> 0.27872057 | V11: =(($V$2/$AU$1*(sub!X9-sub!$B9)^2)^1/2)/sub!$B9 -> 3.606894 | W11: =(($W$2/$AU$1*(sub!Y9-sub!$B9)^2)^1/2)/sub!$B9 -> 131.42274 | X11: =(($X$2/$AU$1*(sub!Z9-sub!$B9)^2)^1/2)/sub!$B9 -> 1.555541 | Y11: =($Y$2/$AU$1*(sub!AA9-sub!$B9)^2)^1/2 -> 5.229743 | Z11: =(($Z$2/$AU$1*(sub!AB9-sub!$B9)^2)^1/2)/sub!$B9 -> 1.281828 | AA11: =(($AA$2/$AU$1*(sub!AC9-sub!$B9)^2)^1/2)/sub!$B9 -> 2.7672005 | AB11: =(($AB$2/$AU$1*(sub!AD9-sub!$B9)^2)^1/2)/sub!$B9 -> 1.5600301 | AC11: =(($AC$2/$AU$1*(sub!AE9-sub!$B9)^2)^1/2)/sub!$B9 -> 2.2845661 | AD11: =(($AD$2/$AU$1*(sub!AF9-sub!$B9)^2)^1/2)/sub!$B9 -> 340.56717 | AE11: =(($AE$2/$AU$1*(sub!AG9-sub!$B9)^2)^1/2)/sub!$B9 -> 4.4520245 | AF11: =(($AF$2/$AU$1*(sub!AH9-sub!$B9)^2)^1/2)/sub!$B9 -> 0.82616174 | AG11: =(($AG$2/$AU$1*(sub!AI9-sub!$B9)^2)^1/2)/sub!$B9 -> 24.240462 | AH11: =(($AH$2/$AU$1*(sub!AJ9-sub!$B9)^2)^1/2)/sub!$B9 -> 4.4990393 | AI11: =(($AI$2/$AU$1*(sub!AK9-sub!$B9)^2)^1/2)/sub!$B9 -> 0.31388007 | AJ11: =(($AJ$2/$AU$1*(sub!AL9-sub!$B9)^2)^1/2)/sub!$B9 -> 37.140603 | AK11: =(($AK$2/$AU$1*(sub!AM9-sub!$B9)^2)^1/2)/sub!$B9 -> 0.0082074123 | AL11: =(($AL$2/$AU$1*(sub!AN9-sub!$B9)^2)^1/2)/sub!$B9 -> 0.18080357 | AM11: =(($AM$2/$AU$1*(sub!AO9-sub!$B9)^2)^1/2)/sub!$B9 -> 3.9032994 | AN11: =(($AN$2/$AU$1*(sub!AP9-sub!$B9)^2)^1/2)/sub!$B9 -> 0.54390654 | AO11: =(($AO$2/$AU$1*(sub!AQ9-sub!$B9)^2)^1/2)/sub!$B9 -> 8.077132 | AP11: =(($AP$2/$AU$1*(sub!AR9-sub!$B9)^2)^1/2)/sub!$B9 -> 0.20334259 | AQ11: =(($AQ$2/$AU$1*(sub!AS9-sub!$B9)^2)^1/2)/sub!$B9 -> 5.2019214 | AR11: =(($AR$2/$AU$1*(sub!AT9-sub!$B9)^2)^1/2)/sub!$B9 -> 11.79773 | AS11: =(($AS$2/$AU$1*(sub!AU9-sub!$B9)^2)^1/2)/sub!$B9 -> 14.225562 | AT11: =(($AT$2/$AU$1*(sub!AV9-sub!$B9)^2)^1/2)/sub!$B9 -> 16.933634 | AV11: =SUM(B11:AT11)/COUNT(B11:AT11) -> 15.68203
A12: 40086 | B12: =(($B$2/$AU$1*(sub!D10-sub!$B10)^2)^1/2)/sub!$B10 -> 22.5394 | C12: =(($C$2/$AU$1*(sub!E10-sub!$B10)^2)^1/2)/sub!$B10 -> 2.2285506 | D12: =(($D$2/$AU$1*(sub!F10-sub!$B10)^2)^1/2)/sub!$B10 -> 0.027779366 | E12: =(($E$2/$AU$1*(sub!G10-sub!$B10)^2)^1/2)/sub!$B10 -> 0.072926814 | F12: =(($F$2/$AU$1*(sub!H10-sub!$B10)^2)^1/2)/sub!$B10 -> 23.597711 | G12: =(($G$2/$AU$1*(sub!I10-sub!$B10)^2)^1/2)/sub!$B10 -> 1.937363 | H12: =(($H$2/$AU$1*(sub!J10-sub!$B10)^2)^1/2)/sub!$B10 -> 11.378151 | I12: =(($I$2/$AU$1*(sub!K10-sub!$B10)^2)^1/2)/sub!$B10 -> 0.90237548 | J12: =(($J$2/$AU$1*(sub!L10-sub!$B10)^2)^1/2)/sub!$B10 -> 2.3455798 | K12: =(($K$2/$AU$1*(sub!M10-sub!$B10)^2)^1/2)/sub!$B10 -> 3.1957338 | L12: =(($L$2/$AU$1*(sub!N10-sub!$B10)^2)^1/2)/sub!$B10 -> 1.1310343 | M12: =(($M$2/$AU$1*(sub!O10-sub!$B10)^2)^1/2)/sub!$B10 -> 0.61793448 | N12: =(($N$2/$AU$1*(sub!P10-sub!$B10)^2)^1/2)/sub!$B10 -> 0.011976842 | O12: =($O$2/$AU$1*(sub!Q10-sub!$B10)^2)^1/2 -> 0.23410326 | P12: =(($P$2/$AU$1*(sub!R10-sub!$B10)^2)^1/2)/sub!$B10 -> 10.318711 | Q12: =(($Q$2/$AU$1*(sub!S10-sub!$B10)^2)^1/2)/sub!$B10 -> 0.42054399 | R12: =(($R$2/$AU$1*(sub!T10-sub!$B10)^2)^1/2)/sub!$B10 -> 0.32371683 | S12: =(($S$2/$AU$1*(sub!U10-sub!$B10)^2)^1/2)/sub!$B10 -> 0.47312563 | T12: =(($T$2/$AU$1*(sub!V10-sub!$B10)^2)^1/2)/sub!$B10 -> 2.2566596 | U12: =(($U$2/$AU$1*(sub!W10-sub!$B10)^2)^1/2)/sub!$B10 -> 0.037426038 | V12: =(($V$2/$AU$1*(sub!X10-sub!$B10)^2)^1/2)/sub!$B10 -> 2.5886737 | W12: =(($W$2/$AU$1*(sub!Y10-sub!$B10)^2)^1/2)/sub!$B10 -> 109.52577 | X12: =(($X$2/$AU$1*(sub!Z10-sub!$B10)^2)^1/2)/sub!$B10 -> 2.2452778 | Y12: =($Y$2/$AU$1*(sub!AA10-sub!$B10)^2)^1/2 -> 1.8680872 | Z12: =(($Z$2/$AU$1*(sub!AB10-sub!$B10)^2)^1/2)/sub!$B10 -> 0.53582846 | AA12: =(($AA$2/$AU$1*(sub!AC10-sub!$B10)^2)^1/2)/sub!$B10 -> 2.7986978 | AB12: =(($AB$2/$AU$1*(sub!AD10-sub!$B10)^2)^1/2)/sub!$B10 -> 1.2072016 | AC12: =(($AC$2/$AU$1*(sub!AE10-sub!$B10)^2)^1/2)/sub!$B10 -> 6.0938955 | AD12: =(($AD$2/$AU$1*(sub!AF10-sub!$B10)^2)^1/2)/sub!$B10 -> 169.1006 | AE12: =(($AE$2/$AU$1*(sub!AG10-sub!$B10)^2)^1/2)/sub!$B10 -> 3.2736789 | AF12: =(($AF$2/$AU$1*(sub!AH10-sub!$B10)^2)^1/2)/sub!$B10 -> 5.6725713 | AG12: =(($AG$2/$AU$1*(sub!AI10-sub!$B10)^2)^1/2)/sub!$B10 -> 23.896836 | AH12: =(($AH$2/$AU$1*(sub!AJ10-sub!$B10)^2)^1/2)/sub!$B10 -> 6.5149509 | AI12: =(($AI$2/$AU$1*(sub!AK10-sub!$B10)^2)^1/2)/sub!$B10 -> 0.00065975216 | AJ12: =(($AJ$2/$AU$1*(sub!AL10-sub!$B10)^2)^1/2)/sub!$B10 -> 26.101094 | AK12: =(($AK$2/$AU$1*(sub!AM10-sub!$B10)^2)^1/2)/sub!$B10 -> 0.35534588 | AL12: =(($AL$2/$AU$1*(sub!AN10-sub!$B10)^2)^1/2)/sub!$B10 -> 0.19333333 | AM12: =(($AM$2/$AU$1*(sub!AO10-sub!$B10)^2)^1/2)/sub!$B10 -> 3.1415522 | AN12: =(($AN$2/$AU$1*(sub!AP10-sub!$B10)^2)^1/2)/sub!$B10 -> 0.35624857 | AO12: =(($AO$2/$AU$1*(sub!AQ10-sub!$B10)^2)^1/2)/sub!$B10 -> 7.9253387 | AP12: =(($AP$2/$AU$1*(sub!AR10-sub!$B10)^2)^1/2)/sub!$B10 -> 0.1694708 | AQ12: =(($AQ$2/$AU$1*(sub!AS10-sub!$B10)^2)^1/2)/sub!$B10 -> 3.4762081 | AR12: =(($AR$2/$AU$1*(sub!AT10-sub!$B10)^2)^1/2)/sub!$B10 -> 8.0274592 | AS12: =(($AS$2/$AU$1*(sub!AU10-sub!$B10)^2)^1/2)/sub!$B10 -> 14.21 | AT12: =(($AT$2/$AU$1*(sub!AV10-sub!$B10)^2)^1/2)/sub!$B10 -> 0.29966065 | AV12: =SUM(B12:AT12)/COUNT(B12:AT12) -> 10.747316
A13: 40117 | B13: =(($B$2/$AU$1*(sub!D11-sub!$B11)^2)^1/2)/sub!$B11 -> 23.857991 | C13: =(($C$2/$AU$1*(sub!E11-sub!$B11)^2)^1/2)/sub!$B11 -> 2.2285506 | D13: =(($D$2/$AU$1*(sub!F11-sub!$B11)^2)^1/2)/sub!$B11 -> 0.053667541 | E13: =(($E$2/$AU$1*(sub!G11-sub!$B11)^2)^1/2)/sub!$B11 -> 0.22109025 | F13: =(($F$2/$AU$1*(sub!H11-sub!$B11)^2)^1/2)/sub!$B11 -> 26.402162 | G13: =(($G$2/$AU$1*(sub!I11-sub!$B11)^2)^1/2)/sub!$B11 -> 2.4080994 | H13: =(($H$2/$AU$1*(sub!J11-sub!$B11)^2)^1/2)/sub!$B11 -> 13.857774 | I13: =(($I$2/$AU$1*(sub!K11-sub!$B11)^2)^1/2)/sub!$B11 -> 0.17272031 | J13: =(($J$2/$AU$1*(sub!L11-sub!$B11)^2)^1/2)/sub!$B11 -> 0.78917316 | K13: =(($K$2/$AU$1*(sub!M11-sub!$B11)^2)^1/2)/sub!$B11 -> 1.9486784 | L13: =(($L$2/$AU$1*(sub!N11-sub!$B11)^2)^1/2)/sub!$B11 -> 1.7673394 | M13: =(($M$2/$AU$1*(sub!O11-sub!$B11)^2)^1/2)/sub!$B11 -> 0.61793448 | N13: =(($N$2/$AU$1*(sub!P11-sub!$B11)^2)^1/2)/sub!$B11 -> 0.025851985 | O13: =($O$2/$AU$1*(sub!Q11-sub!$B11)^2)^1/2 -> 0.23410326 | P13: =(($P$2/$AU$1*(sub!R11-sub!$B11)^2)^1/2)/sub!$B11 -> 8.7207771 | Q13: =(($Q$2/$AU$1*(sub!S11-sub!$B11)^2)^1/2)/sub!$B11 -> 0.33139467 | R13: =(($R$2/$AU$1*(sub!T11-sub!$B11)^2)^1/2)/sub!$B11 -> 0.32586207 | S13: =(($S$2/$AU$1*(sub!U11-sub!$B11)^2)^1/2)/sub!$B11 -> 0.47312563 | T13: =(($T$2/$AU$1*(sub!V11-sub!$B11)^2)^1/2)/sub!$B11 -> 2.2566596 | U13: =(($U$2/$AU$1*(sub!W11-sub!$B11)^2)^1/2)/sub!$B11 -> 0.00079780013 | V13: =(($V$2/$AU$1*(sub!X11-sub!$B11)^2)^1/2)/sub!$B11 -> 2.5886737 | W13: =(($W$2/$AU$1*(sub!Y11-sub!$B11)^2)^1/2)/sub!$B11 -> 95.638657 | X13: =(($X$2/$AU$1*(sub!Z11-sub!$B11)^2)^1/2)/sub!$B11 -> 2.2452778 | Y13: =($Y$2/$AU$1*(sub!AA11-sub!$B11)^2)^1/2 -> 0.80895474 | Z13: =(($Z$2/$AU$1*(sub!AB11-sub!$B11)^2)^1/2)/sub!$B11 -> 0.22696554 | AA13: =(($AA$2/$AU$1*(sub!AC11-sub!$B11)^2)^1/2)/sub!$B11 -> 2.7986978 | AB13: =(($AB$2/$AU$1*(sub!AD11-sub!$B11)^2)^1/2)/sub!$B11 -> 1.2072016 | AC13: =(($AC$2/$AU$1*(sub!AE11-sub!$B11)^2)^1/2)/sub!$B11 -> 6.0938955 | AD13: =(($AD$2/$AU$1*(sub!AF11-sub!$B11)^2)^1/2)/sub!$B11 -> 193.77348 | AE13: =(($AE$2/$AU$1*(sub!AG11-sub!$B11)^2)^1/2)/sub!$B11 -> 2.4258474 | AF13: =(($AF$2/$AU$1*(sub!AH11-sub!$B11)^2)^1/2)/sub!$B11 -> 5.6802909 | AG13: =(($AG$2/$AU$1*(sub!AI11-sub!$B11)^2)^1/2)/sub!$B11 -> 34.982987 | AH13: =(($AH$2/$AU$1*(sub!AJ11-sub!$B11)^2)^1/2)/sub!$B11 -> 6.5149509 | AI13: =(($AI$2/$AU$1*(sub!AK11-sub!$B11)^2)^1/2)/sub!$B11 -> 0.20036324 | AJ13: =(($AJ$2/$AU$1*(sub!AL11-sub!$B11)^2)^1/2)/sub!$B11 -> 26.101094 | AK13: =(($AK$2/$AU$1*(sub!AM11-sub!$B11)^2)^1/2)/sub!$B11 -> 0.51439679 | AL13: =(($AL$2/$AU$1*(sub!AN11-sub!$B11)^2)^1/2)/sub!$B11 -> 0.19333333 | AM13: =(($AM$2/$AU$1*(sub!AO11-sub!$B11)^2)^1/2)/sub!$B11 -> 3.1415522 | AN13: =(($AN$2/$AU$1*(sub!AP11-sub!$B11)^2)^1/2)/sub!$B11 -> 0.35624857 | AO13: =(($AO$2/$AU$1*(sub!AQ11-sub!$B11)^2)^1/2)/sub!$B11 -> 0.52113057 | AP13: =(($AP$2/$AU$1*(sub!AR11-sub!$B11)^2)^1/2)/sub!$B11 -> 0.3792433 | AQ13: =(($AQ$2/$AU$1*(sub!AS11-sub!$B11)^2)^1/2)/sub!$B11 -> 2.2875311 | AR13: =(($AR$2/$AU$1*(sub!AT11-sub!$B11)^2)^1/2)/sub!$B11 -> 0.67143355 | AS13: =(($AS$2/$AU$1*(sub!AU11-sub!$B11)^2)^1/2)/sub!$B11 -> 21.027264 | AT13: =(($AT$2/$AU$1*(sub!AV11-sub!$B11)^2)^1/2)/sub!$B11 -> 0.29966065 | AV13: =SUM(B13:AT13)/COUNT(B13:AT13) -> 11.052731
A14: 40147 | B14: =(($B$2/$AU$1*(sub!D12-sub!$B12)^2)^1/2)/sub!$B12 -> 27.568121 | C14: =(($C$2/$AU$1*(sub!E12-sub!$B12)^2)^1/2)/sub!$B12 -> 2.9543974 | D14: =(($D$2/$AU$1*(sub!F12-sub!$B12)^2)^1/2)/sub!$B12 -> 0.0019027041 | E14: =(($E$2/$AU$1*(sub!G12-sub!$B12)^2)^1/2)/sub!$B12 -> 1.165547 | F14: =(($F$2/$AU$1*(sub!H12-sub!$B12)^2)^1/2)/sub!$B12 -> 26.062492 | G14: =(($G$2/$AU$1*(sub!I12-sub!$B12)^2)^1/2)/sub!$B12 -> 2.8149693 | H14: =(($H$2/$AU$1*(sub!J12-sub!$B12)^2)^1/2)/sub!$B12 -> 5.4284753 | I14: =(($I$2/$AU$1*(sub!K12-sub!$B12)^2)^1/2)/sub!$B12 -> 0.2301857 | J14: =(($J$2/$AU$1*(sub!L12-sub!$B12)^2)^1/2)/sub!$B12 -> 0.63505071 | K14: =(($K$2/$AU$1*(sub!M12-sub!$B12)^2)^1/2)/sub!$B12 -> 1.5756236 | L14: =(($L$2/$AU$1*(sub!N12-sub!$B12)^2)^1/2)/sub!$B12 -> 1.5804141 | M14: =(($M$2/$AU$1*(sub!O12-sub!$B12)^2)^1/2)/sub!$B12 -> 0.73902346 | N14: =(($N$2/$AU$1*(sub!P12-sub!$B12)^2)^1/2)/sub!$B12 -> 0.066881811 | O14: =($O$2/$AU$1*(sub!Q12-sub!$B12)^2)^1/2 -> 0.49826019 | P14: =(($P$2/$AU$1*(sub!R12-sub!$B12)^2)^1/2)/sub!$B12 -> 9.9536931 | Q14: =(($Q$2/$AU$1*(sub!S12-sub!$B12)^2)^1/2)/sub!$B12 -> 0.2241407 | R14: =(($R$2/$AU$1*(sub!T12-sub!$B12)^2)^1/2)/sub!$B12 -> 0.22078564 | S14: =(($S$2/$AU$1*(sub!U12-sub!$B12)^2)^1/2)/sub!$B12 -> 0.31447035 | T14: =(($T$2/$AU$1*(sub!V12-sub!$B12)^2)^1/2)/sub!$B12 -> 1.707598 | U14: =(($U$2/$AU$1*(sub!W12-sub!$B12)^2)^1/2)/sub!$B12 -> 0.00029176193 | V14: =(($V$2/$AU$1*(sub!X12-sub!$B12)^2)^1/2)/sub!$B12 -> 3.1340116 | W14: =(($W$2/$AU$1*(sub!Y12-sub!$B12)^2)^1/2)/sub!$B12 -> 108.36577 | X14: =(($X$2/$AU$1*(sub!Z12-sub!$B12)^2)^1/2)/sub!$B12 -> 2.6348341 | Y14: =($Y$2/$AU$1*(sub!AA12-sub!$B12)^2)^1/2 -> 0.093529657 | Z14: =(($Z$2/$AU$1*(sub!AB12-sub!$B12)^2)^1/2)/sub!$B12 -> 0.33176222 | AA14: =(($AA$2/$AU$1*(sub!AC12-sub!$B12)^2)^1/2)/sub!$B12 -> 1.3584638 | AB14: =(($AB$2/$AU$1*(sub!AD12-sub!$B12)^2)^1/2)/sub!$B12 -> 1.3977131 | AC14: =(($AC$2/$AU$1*(sub!AE12-sub!$B12)^2)^1/2)/sub!$B12 -> 5.5372868 | AD14: =(($AD$2/$AU$1*(sub!AF12-sub!$B12)^2)^1/2)/sub!$B12 -> 137.87417 | AE14: =(($AE$2/$AU$1*(sub!AG12-sub!$B12)^2)^1/2)/sub!$B12 -> 2.4735572 | AF14: =(($AF$2/$AU$1*(sub!AH12-sub!$B12)^2)^1/2)/sub!$B12 -> 4.3406841 | AG14: =(($AG$2/$AU$1*(sub!AI12-sub!$B12)^2)^1/2)/sub!$B12 -> 41.190586 | AH14: =(($AH$2/$AU$1*(sub!AJ12-sub!$B12)^2)^1/2)/sub!$B12 -> 6.0415028 | AI14: =(($AI$2/$AU$1*(sub!AK12-sub!$B12)^2)^1/2)/sub!$B12 -> 1.0026479 | AJ14: =(($AJ$2/$AU$1*(sub!AL12-sub!$B12)^2)^1/2)/sub!$B12 -> 28.050042 | AK14: =(($AK$2/$AU$1*(sub!AM12-sub!$B12)^2)^1/2)/sub!$B12 -> 0.001976453 | AL14: =(($AL$2/$AU$1*(sub!AN12-sub!$B12)^2)^1/2)/sub!$B12 -> 0.18625277 | AM14: =(($AM$2/$AU$1*(sub!AO12-sub!$B12)^2)^1/2)/sub!$B12 -> 3.5545529 | AN14: =(($AN$2/$AU$1*(sub!AP12-sub!$B12)^2)^1/2)/sub!$B12 -> 0.45573882 | AO14: =(($AO$2/$AU$1*(sub!AQ12-sub!$B12)^2)^1/2)/sub!$B12 -> 0.73540869 | AP14: =(($AP$2/$AU$1*(sub!AR12-sub!$B12)^2)^1/2)/sub!$B12 -> 0.24782234 | AQ14: =(($AQ$2/$AU$1*(sub!AS12-sub!$B12)^2)^1/2)/sub!$B12 -> 1.346251 | AR14: =(($AR$2/$AU$1*(sub!AT12-sub!$B12)^2)^1/2)/sub!$B12 -> 0.85368489 | AS14: =(($AS$2/$AU$1*(sub!AU12-sub!$B12)^2)^1/2)/sub!$B12 -> 23.679302 | AT14: =(($AT$2/$AU$1*(sub!AV12-sub!$B12)^2)^1/2)/sub!$B12 -> 0.42568301 | AV14: =SUM(B14:AT14)/COUNT(B14:AT14) -> 10.201235
A15: 40178 | B15: =(($B$2/$AU$1*(sub!D13-sub!$B13)^2)^1/2)/sub!$B13 -> 29.414286 | C15: =(($C$2/$AU$1*(sub!E13-sub!$B13)^2)^1/2)/sub!$B13 -> 7.0356555 | D15: =(($D$2/$AU$1*(sub!F13-sub!$B13)^2)^1/2)/sub!$B13 -> 0.10728771 | E15: =(($E$2/$AU$1*(sub!G13-sub!$B13)^2)^1/2)/sub!$B13 -> 0.74842346 | F15: =(($F$2/$AU$1*(sub!H13-sub!$B13)^2)^1/2)/sub!$B13 -> 25.708131 | G15: =(($G$2/$AU$1*(sub!I13-sub!$B13)^2)^1/2)/sub!$B13 -> 0.7209414 | H15: =(($H$2/$AU$1*(sub!J13-sub!$B13)^2)^1/2)/sub!$B13 -> 0.002847459 | I15: =(($I$2/$AU$1*(sub!K13-sub!$B13)^2)^1/2)/sub!$B13 -> 0.39310748 | J15: =(($J$2/$AU$1*(sub!L13-sub!$B13)^2)^1/2)/sub!$B13 -> 0.14496347 | K15: =(($K$2/$AU$1*(sub!M13-sub!$B13)^2)^1/2)/sub!$B13 -> 1.1239825 | L15: =(($L$2/$AU$1*(sub!N13-sub!$B13)^2)^1/2)/sub!$B13 -> 1.0742695 | M15: =(($M$2/$AU$1*(sub!O13-sub!$B13)^2)^1/2)/sub!$B13 -> 0.34031398 | N15: =(($N$2/$AU$1*(sub!P13-sub!$B13)^2)^1/2)/sub!$B13 -> 0.045109921 | O15: =($O$2/$AU$1*(sub!Q13-sub!$B13)^2)^1/2 -> 0.23410326 | P15: =(($P$2/$AU$1*(sub!R13-sub!$B13)^2)^1/2)/sub!$B13 -> 9.0872481 | Q15: =(($Q$2/$AU$1*(sub!S13-sub!$B13)^2)^1/2)/sub!$B13 -> 0.54804019 | R15: =(($R$2/$AU$1*(sub!T13-sub!$B13)^2)^1/2)/sub!$B13 -> 0.33015462 | S15: =(($S$2/$AU$1*(sub!U13-sub!$B13)^2)^1/2)/sub!$B13 -> 0.69834728 | T15: =(($T$2/$AU$1*(sub!V13-sub!$B13)^2)^1/2)/sub!$B13 -> 4.9376457 | U15: =(($U$2/$AU$1*(sub!W13-sub!$B13)^2)^1/2)/sub!$B13 -> 0.015107514 | V15: =(($V$2/$AU$1*(sub!X13-sub!$B13)^2)^1/2)/sub!$B13 -> 2.5886737 | W15: =(($W$2/$AU$1*(sub!Y13-sub!$B13)^2)^1/2)/sub!$B13 -> 94.233274 | X15: =(($X$2/$AU$1*(sub!Z13-sub!$B13)^2)^1/2)/sub!$B13 -> 2.9104279 | Y15: =($Y$2/$AU$1*(sub!AA13-sub!$B13)^2)^1/2 -> 0.00078399281 | Z15: =(($Z$2/$AU$1*(sub!AB13-sub!$B13)^2)^1/2)/sub!$B13 -> 0.13381473 | AA15: =(($AA$2/$AU$1*(sub!AC13-sub!$B13)^2)^1/2)/sub!$B13 -> 1.3100478 | AB15: =(($AB$2/$AU$1*(sub!AD13-sub!$B13)^2)^1/2)/sub!$B13 -> 1.2072016 | AC15: =(($AC$2/$AU$1*(sub!AE13-sub!$B13)^2)^1/2)/sub!$B13 -> 7.324202 | AD15: =(($AD$2/$AU$1*(sub!AF13-sub!$B13)^2)^1/2)/sub!$B13 -> 0.4530314 | AE15: =(($AE$2/$AU$1*(sub!AG13-sub!$B13)^2)^1/2)/sub!$B13 -> 1.4509013 | AF15: =(($AF$2/$AU$1*(sub!AH13-sub!$B13)^2)^1/2)/sub!$B13 -> 8.0661539 | AG15: =(($AG$2/$AU$1*(sub!AI13-sub!$B13)^2)^1/2)/sub!$B13 -> 49.196024 | AH15: =(($AH$2/$AU$1*(sub!AJ13-sub!$B13)^2)^1/2)/sub!$B13 -> 6.5149509 | AI15: =(($AI$2/$AU$1*(sub!AK13-sub!$B13)^2)^1/2)/sub!$B13 -> 0.69396947 | AJ15: =(($AJ$2/$AU$1*(sub!AL13-sub!$B13)^2)^1/2)/sub!$B13 -> 24.494747 | AK15: =(($AK$2/$AU$1*(sub!AM13-sub!$B13)^2)^1/2)/sub!$B13 -> 0.42803542 | AL15: =(($AL$2/$AU$1*(sub!AN13-sub!$B13)^2)^1/2)/sub!$B13 -> 0.19333333 | AM15: =(($AM$2/$AU$1*(sub!AO13-sub!$B13)^2)^1/2)/sub!$B13 -> 3.1415522 | AN15: =(($AN$2/$AU$1*(sub!AP13-sub!$B13)^2)^1/2)/sub!$B13 -> 0.35624857 | AO15: =(($AO$2/$AU$1*(sub!AQ13-sub!$B13)^2)^1/2)/sub!$B13 -> 1.656009 | AP15: =(($AP$2/$AU$1*(sub!AR13-sub!$B13)^2)^1/2)/sub!$B13 -> 3.1530905e-05 | AQ15: =(($AQ$2/$AU$1*(sub!AS13-sub!$B13)^2)^1/2)/sub!$B13 -> 0.78417638 | AR15: =(($AR$2/$AU$1*(sub!AT13-sub!$B13)^2)^1/2)/sub!$B13 -> 0.67143355 | AS15: =(($AS$2/$AU$1*(sub!AU13-sub!$B13)^2)^1/2)/sub!$B13 -> 21.027264 | AT15: =(($AT$2/$AU$1*(sub!AV13-sub!$B13)^2)^1/2)/sub!$B13 -> 0.29966065 | AV15: =SUM(B15:AT15)/COUNT(B15:AT15) -> 6.9299092
A16: 40209 | B16: =(($B$2/$AU$1*(sub!D14-sub!$B14)^2)^1/2)/sub!$B14 -> 26.158962 | C16: =(($C$2/$AU$1*(sub!E14-sub!$B14)^2)^1/2)/sub!$B14 -> 8.2721787 | D16: =(($D$2/$AU$1*(sub!F14-sub!$B14)^2)^1/2)/sub!$B14 -> 0.11689429 | E16: =(($E$2/$AU$1*(sub!G14-sub!$B14)^2)^1/2)/sub!$B14 -> 0.19945442 | F16: =(($F$2/$AU$1*(sub!H14-sub!$B14)^2)^1/2)/sub!$B14 -> 28.506944 | G16: =(($G$2/$AU$1*(sub!I14-sub!$B14)^2)^1/2)/sub!$B14 -> 1.2190248 | H16: =(($H$2/$AU$1*(sub!J14-sub!$B14)^2)^1/2)/sub!$B14 -> 4.556435 | I16: =(($I$2/$AU$1*(sub!K14-sub!$B14)^2)^1/2)/sub!$B14 -> 0.076403518 | J16: =(($J$2/$AU$1*(sub!L14-sub!$B14)^2)^1/2)/sub!$B14 -> 0.36707298 | K16: =(($K$2/$AU$1*(sub!M14-sub!$B14)^2)^1/2)/sub!$B14 -> 0.8894253 | L16: =(($L$2/$AU$1*(sub!N14-sub!$B14)^2)^1/2)/sub!$B14 -> 1.9453227 | M16: =(($M$2/$AU$1*(sub!O14-sub!$B14)^2)^1/2)/sub!$B14 -> 0.26597004 | N16: =(($N$2/$AU$1*(sub!P14-sub!$B14)^2)^1/2)/sub!$B14 -> 0.069977495 | O16: =($O$2/$AU$1*(sub!Q14-sub!$B14)^2)^1/2 -> 0.5353286 | P16: =(($P$2/$AU$1*(sub!R14-sub!$B14)^2)^1/2)/sub!$B14 -> 9.4276044 | Q16: =(($Q$2/$AU$1*(sub!S14-sub!$B14)^2)^1/2)/sub!$B14 -> 0.91685605 | R16: =(($R$2/$AU$1*(sub!T14-sub!$B14)^2)^1/2)/sub!$B14 -> 0.74889054 | S16: =(($S$2/$AU$1*(sub!U14-sub!$B14)^2)^1/2)/sub!$B14 -> 0.48534817 | T16: =(($T$2/$AU$1*(sub!V14-sub!$B14)^2)^1/2)/sub!$B14 -> 4.0749263 | U16: =(($U$2/$AU$1*(sub!W14-sub!$B14)^2)^1/2)/sub!$B14 -> 0.024261361 | V16: =(($V$2/$AU$1*(sub!X14-sub!$B14)^2)^1/2)/sub!$B14 -> 3.2022813 | W16: =(($W$2/$AU$1*(sub!Y14-sub!$B14)^2)^1/2)/sub!$B14 -> 101.27992 | X16: =(($X$2/$AU$1*(sub!Z14-sub!$B14)^2)^1/2)/sub!$B14 -> 3.2923729 | Y16: =($Y$2/$AU$1*(sub!AA14-sub!$B14)^2)^1/2 -> 3.1339127 | Z16: =(($Z$2/$AU$1*(sub!AB14-sub!$B14)^2)^1/2)/sub!$B14 -> 0.097247398 | AA16: =(($AA$2/$AU$1*(sub!AC14-sub!$B14)^2)^1/2)/sub!$B14 -> 1.0857108 | AB16: =(($AB$2/$AU$1*(sub!AD14-sub!$B14)^2)^1/2)/sub!$B14 -> 1.4212954 | AC16: =(($AC$2/$AU$1*(sub!AE14-sub!$B14)^2)^1/2)/sub!$B14 -> 9.445886 | AD16: =(($AD$2/$AU$1*(sub!AF14-sub!$B14)^2)^1/2)/sub!$B14 -> 213.59405 | AE16: =(($AE$2/$AU$1*(sub!AG14-sub!$B14)^2)^1/2)/sub!$B14 -> 0.92600915 | AF16: =(($AF$2/$AU$1*(sub!AH14-sub!$B14)^2)^1/2)/sub!$B14 -> 7.6790656 | AG16: =(($AG$2/$AU$1*(sub!AI14-sub!$B14)^2)^1/2)/sub!$B14 -> 60.226305 | AH16: =(($AH$2/$AU$1*(sub!AJ14-sub!$B14)^2)^1/2)/sub!$B14 -> 5.9935927 | AI16: =(($AI$2/$AU$1*(sub!AK14-sub!$B14)^2)^1/2)/sub!$B14 -> 1.1522555 | AJ16: =(($AJ$2/$AU$1*(sub!AL14-sub!$B14)^2)^1/2)/sub!$B14 -> 27.295844 | AK16: =(($AK$2/$AU$1*(sub!AM14-sub!$B14)^2)^1/2)/sub!$B14 -> 0.093683479 | AL16: =(($AL$2/$AU$1*(sub!AN14-sub!$B14)^2)^1/2)/sub!$B14 -> 0.18543046 | AM16: =(($AM$2/$AU$1*(sub!AO14-sub!$B14)^2)^1/2)/sub!$B14 -> 3.6053849 | AN16: =(($AN$2/$AU$1*(sub!AP14-sub!$B14)^2)^1/2)/sub!$B14 -> 0.46836975 | AO16: =(($AO$2/$AU$1*(sub!AQ14-sub!$B14)^2)^1/2)/sub!$B14 -> 1.2713403 | AP16: =(($AP$2/$AU$1*(sub!AR14-sub!$B14)^2)^1/2)/sub!$B14 -> 0.58297679 | AQ16: =(($AQ$2/$AU$1*(sub!AS14-sub!$B14)^2)^1/2)/sub!$B14 -> 0.35627234 | AR16: =(($AR$2/$AU$1*(sub!AT14-sub!$B14)^2)^1/2)/sub!$B14 -> 0.71579677 | AS16: =(($AS$2/$AU$1*(sub!AU14-sub!$B14)^2)^1/2)/sub!$B14 -> 22.846407 | AT16: =(($AT$2/$AU$1*(sub!AV14-sub!$B14)^2)^1/2)/sub!$B14 -> 0.13525223 | AV16: =SUM(B16:AT16)/COUNT(B16:AT16) -> 12.420977
... A206: 45991 | B206: =(($B$2/$AU$1*(sub!D204-sub!$B204)^2)^1/2)/sub!$B204 -> 1.9290099 | C206: =(($C$2/$AU$1*(sub!E204-sub!$B204)^2)^1/2)/sub!$B204 -> 54.550987 | D206: =(($D$2/$AU$1*(sub!F204-sub!$B204)^2)^1/2)/sub!$B204 -> 0.0060149511 | E206: =(($E$2/$AU$1*(sub!G204-sub!$B204)^2)^1/2)/sub!$B204 -> 5.7719033 | F206: =(($F$2/$AU$1*(sub!H204-sub!$B204)^2)^1/2)/sub!$B204 -> 0.35366877 | G206: =(($G$2/$AU$1*(sub!I204-sub!$B204)^2)^1/2)/sub!$B204 -> 3.0716089 | H206: =(($H$2/$AU$1*(sub!J204-sub!$B204)^2)^1/2)/sub!$B204 -> 8.3307271 | I206: =(($I$2/$AU$1*(sub!K204-sub!$B204)^2)^1/2)/sub!$B204 -> 0.0010599385 | J206: =(($J$2/$AU$1*(sub!L204-sub!$B204)^2)^1/2)/sub!$B204 -> 0.044330044 | K206: =(($K$2/$AU$1*(sub!M204-sub!$B204)^2)^1/2)/sub!$B204 -> 1.882138 | L206: =(($L$2/$AU$1*(sub!N204-sub!$B204)^2)^1/2)/sub!$B204 -> 0.63398839 | M206: =(($M$2/$AU$1*(sub!O204-sub!$B204)^2)^1/2)/sub!$B204 -> 0.0050031178 | N206: =(($N$2/$AU$1*(sub!P204-sub!$B204)^2)^1/2)/sub!$B204 -> 0.27181459 | O206: =($O$2/$AU$1*(sub!Q204-sub!$B204)^2)^1/2 -> 1.2179326 | P206: =(($P$2/$AU$1*(sub!R204-sub!$B204)^2)^1/2)/sub!$B204 -> 0.12834349 | Q206: =(($Q$2/$AU$1*(sub!S204-sub!$B204)^2)^1/2)/sub!$B204 -> 2.3496427 | R206: =(($R$2/$AU$1*(sub!T204-sub!$B204)^2)^1/2)/sub!$B204 -> 0.72672673 | S206: =(($S$2/$AU$1*(sub!U204-sub!$B204)^2)^1/2)/sub!$B204 -> 0.053860829 | T206: =(($T$2/$AU$1*(sub!V204-sub!$B204)^2)^1/2)/sub!$B204 -> 0.3894241 | U206: =(($U$2/$AU$1*(sub!W204-sub!$B204)^2)^1/2)/sub!$B204 -> 0.00091520092 | V206: =(($V$2/$AU$1*(sub!X204-sub!$B204)^2)^1/2)/sub!$B204 -> 6.7092092 | W206: =(($W$2/$AU$1*(sub!Y204-sub!$B204)^2)^1/2)/sub!$B204 -> 11.310056 | X206: =(($X$2/$AU$1*(sub!Z204-sub!$B204)^2)^1/2)/sub!$B204 -> 4.0221015 | Y206: =($Y$2/$AU$1*(sub!AA204-sub!$B204)^2)^1/2 -> 9.989735 | Z206: =(($Z$2/$AU$1*(sub!AB204-sub!$B204)^2)^1/2)/sub!$B204 -> 0.02157555 | AA206: =(($AA$2/$AU$1*(sub!AC204-sub!$B204)^2)^1/2)/sub!$B204 -> 0.03015474 | AB206: =(($AB$2/$AU$1*(sub!AD204-sub!$B204)^2)^1/2)/sub!$B204 -> 0.55199914 | AC206: =(($AC$2/$AU$1*(sub!AE204-sub!$B204)^2)^1/2)/sub!$B204 -> 5.4230802 | AD206: =(($AD$2/$AU$1*(sub!AF204-sub!$B204)^2)^1/2)/sub!$B204 -> 6.4266635 | AE206: =(($AE$2/$AU$1*(sub!AG204-sub!$B204)^2)^1/2)/sub!$B204 -> 1.2186465 | AF206: =(($AF$2/$AU$1*(sub!AH204-sub!$B204)^2)^1/2)/sub!$B204 -> 11.26693 | AG206: =(($AG$2/$AU$1*(sub!AI204-sub!$B204)^2)^1/2)/sub!$B204 -> 33.245448 | AH206: =(($AH$2/$AU$1*(sub!AJ204-sub!$B204)^2)^1/2)/sub!$B204 -> 0.31996184 | AI206: =(($AI$2/$AU$1*(sub!AK204-sub!$B204)^2)^1/2)/sub!$B204 -> 2.2576835 | AJ206: =(($AJ$2/$AU$1*(sub!AL204-sub!$B204)^2)^1/2)/sub!$B204 -> 0.13435738 | AK206: =(($AK$2/$AU$1*(sub!AM204-sub!$B204)^2)^1/2)/sub!$B204 -> 0.092694226 | AL206: =(($AL$2/$AU$1*(sub!AN204-sub!$B204)^2)^1/2)/sub!$B204 -> 0.0041035084 | AM206: =(($AM$2/$AU$1*(sub!AO204-sub!$B204)^2)^1/2)/sub!$B204 -> 0.45064854 | AN206: =(($AN$2/$AU$1*(sub!AP204-sub!$B204)^2)^1/2)/sub!$B204 -> 0.0055103232 | AO206: =(($AO$2/$AU$1*(sub!AQ204-sub!$B204)^2)^1/2)/sub!$B204 -> 0.55019305 | AP206: =(($AP$2/$AU$1*(sub!AR204-sub!$B204)^2)^1/2)/sub!$B204 -> 0.052840854 | AQ206: =(($AQ$2/$AU$1*(sub!AS204-sub!$B204)^2)^1/2)/sub!$B204 -> 0.90485183 | AR206: =(($AR$2/$AU$1*(sub!AT204-sub!$B204)^2)^1/2)/sub!$B204 -> 0.089878643 | AS206: =(($AS$2/$AU$1*(sub!AU204-sub!$B204)^2)^1/2)/sub!$B204 -> 20.141352 | AT206: =(($AT$2/$AU$1*(sub!AV204-sub!$B204)^2)^1/2)/sub!$B204 -> 0.82149207 | AV206: =SUM(B206:AT206)/COUNT(B206:AT206) -> 4.3946726

Sheet Sheet7
B1: FM (2001) | C1: Choi (2010) | D1: CoV (Caraballo & Dabus, 2013)
B2: rpd | C2: rpd | D2: rpd
A3: ='Fielding and Mizen (2001)'!A4 -> 39844 | B3: ='Fielding and Mizen (2001)'!AV4 -> 97.38639 | C3: ='Choi (2010)'!AV4 -> 1.082071 | D3: =' CoV (Caraballo & Dab)'!AV4 -> 13.334934
A4: ='Fielding and Mizen (2001)'!A5 -> 39872 | B4: ='Fielding and Mizen (2001)'!AV5 -> 87.244024 | C4: ='Choi (2010)'!AV5 -> 0.82436756 | D4: =' CoV (Caraballo & Dab)'!AV5 -> 10.186261
A5: ='Fielding and Mizen (2001)'!A6 -> 39903 | B5: ='Fielding and Mizen (2001)'!AV6 -> 88.053409 | C5: ='Choi (2010)'!AV6 -> 0.80574718 | D5: =' CoV (Caraballo & Dab)'!AV6 -> 9.7366659
A6: ='Fielding and Mizen (2001)'!A7 -> 39933 | B6: ='Fielding and Mizen (2001)'!AV7 -> 86.997389 | C6: ='Choi (2010)'!AV7 -> 0.82947341 | D6: =' CoV (Caraballo & Dab)'!AV7 -> 10.182319
A7: ='Fielding and Mizen (2001)'!A8 -> 39964 | B7: ='Fielding and Mizen (2001)'!AV8 -> 119.57965 | C7: ='Choi (2010)'!AV8 -> 0.92680638 | D7: =' CoV (Caraballo & Dab)'!AV8 -> 11.697816
A8: ='Fielding and Mizen (2001)'!A9 -> 39994 | B8: ='Fielding and Mizen (2001)'!AV9 -> 104.65469 | C8: ='Choi (2010)'!AV9 -> 0.95176034 | D8: =' CoV (Caraballo & Dab)'!AV9 -> 13.780737
A9: ='Fielding and Mizen (2001)'!A10 -> 40025 | B9: ='Fielding and Mizen (2001)'!AV10 -> 106.3405 | C9: ='Choi (2010)'!AV10 -> 0.94288515 | D9: =' CoV (Caraballo & Dab)'!AV10 -> 14.164744
A10: ='Fielding and Mizen (2001)'!A11 -> 40056 | B10: ='Fielding and Mizen (2001)'!AV11 -> 125.82209 | C10: ='Choi (2010)'!AV11 -> 0.93514147 | D10: =' CoV (Caraballo & Dab)'!AV11 -> 15.68203
A11: ='Fielding and Mizen (2001)'!A12 -> 40086 | B11: ='Fielding and Mizen (2001)'!AV12 -> 102.6937 | C11: ='Choi (2010)'!AV12 -> 0.69006144 | D11: =' CoV (Caraballo & Dab)'!AV12 -> 10.747316
A12: ='Fielding and Mizen (2001)'!A13 -> 40117 | B12: ='Fielding and Mizen (2001)'!AV13 -> 110.58703 | C12: ='Choi (2010)'!AV13 -> 0.71102512 | D12: =' CoV (Caraballo & Dab)'!AV13 -> 11.052731
A13: ='Fielding and Mizen (2001)'!A14 -> 40147 | B13: ='Fielding and Mizen (2001)'!AV14 -> 109.71033 | C13: ='Choi (2010)'!AV14 -> 0.63265112 | D13: =' CoV (Caraballo & Dab)'!AV14 -> 10.201235
A14: ='Fielding and Mizen (2001)'!A15 -> 40178 | B14: ='Fielding and Mizen (2001)'!AV15 -> 65.234527 | C14: ='Choi (2010)'!AV15 -> 0.44630997 | D14: =' CoV (Caraballo & Dab)'!AV15 -> 6.9299092
... A205: ='Fielding and Mizen (2001)'!A206 -> 45991 | B205: ='Fielding and Mizen (2001)'!AV206 -> 40.844154 | C205: ='Choi (2010)'!AV206 -> 0.1477323 | D205: =' CoV (Caraballo & Dab)'!AV206 -> 4.3946726

Sheet RPD definition
A4: 1. Choi (2010)
A10: 1. Fielding and Mizen (2000)
A16: 1. Grier and Perry(1996)
A20: 1. Baglan et al (2006)
A24: 1. Caglayan et al (2008)
A30: 1. Caraballo & Dabus (2013)_coefficient ofn variation

Sheet sub
A1: month | B1: hinfl | C1: coreinfl | D1: cerealprod | E1: meat | F1: fish_seafood | G1: milk_dairy_eggs | H1: oil_fats | I1: fruit_nuts | J1: veggies | K1: sugar_dess | L1: other_food | M1: hot_bev | N1: cold_bev | O1: spirits | P1: wine | Q1: beer | R1: tobacco | S1: clothing | T1: footwear | U1: rentals | V1: OER | W1: main_repairs | X1: water_sup_serv | Y1: electr_ofuels | Z1: furn_carp | AA1: app_table_equip | AB1: gs_for_housemain | AC1: med_healthpro | AD1: health_serv | AE1: purch_vehicle | AF1: fuel | AG1: other_op_pers_trans_equip | AH1: pass_trans_serv | AI1: inf_com_equip | AJ1: info_com_serv | AK1: recr_goods_gardnprod | AL1: recr_cult_serv | AM1: news_book_stat | AN1: pack_hol | AO1: prim_sec_edu | AP1: tert_edu | AQ1: restaurants | AR1: accom_serv | AS1: pers_care | AT1: other_serv | AU1: insurance | AV1: fin_serv
A2: 39844 | B2: 8.1145585 | C2: 7.1274298 | D2: 27.777778 | E2: 7.8740157 | F2: 19.207317 | G2: 14.825581 | H2: 30.81571 | I2: 6.4516129 | J2: 19.005848 | K2: 13.00813 | L2: 18.209877 | M2: 23.371648 | N2: 8.9974293 | O2: 12.790698 | P2: 6.9892473 | Q2: 6.8870523 | R2: 12.849162 | S2: 4.1946309 | T2: 3.1626506 | U2: 7.8 | V2: 6.9811321 | W2: 16.28866 | X2: 4.9295775 | Y2: 30.985915 | Z2: 0.31397174 | AA2: 10.773481 | AB2: 8.2568807 | AC2: 7.5862069 | AD2: 7.5418994 | AE2: 1.0909091 | AF2: -20.639535 | AG2: 12.686567 | AH2: 17.032967 | AI2: -5.0985859 | AJ2: 1.4084507 | AK2: 10.176991 | AL2: 5.1282051 | AM2: 9.0909091 | AO2: 7.3943662 | AP2: 6.8047337 | AQ2: 12.99435 | AR2: 13.948498 | AS2: 12.068966 | AT2: 19.467213 | AU2: 6.3694268 | AV2: 17.142857
A3: 39872 | B3: 8.2938389 | C3: 7.9569892 | D3: 23.952096 | E3: 9.8143236 | F3: 19.877676 | G3: 13.832853 | H3: 25.443787 | I3: 8.8495575 | J3: 18.823529 | K3: 13.414634 | L3: 18.82716 | M3: 23.371648 | N3: 13.589744 | O3: 11.111111 | P3: 6.9518717 | Q3: 5.9139785 | R3: 14.24581 | S3: 5.0251256 | T3: 3.6144578 | U3: 7.8 | V3: 6.9811321 | W3: 16.632444 | X3: 4.9295775 | Y3: 30.28169 | Z3: 1.2628256 | AA3: 14.623955 | AB3: 8.9449541 | AC3: 7.816092 | AD3: 10.12987 | AE3: 2.003643 | AF3: -13.920455 | AG3: 14.179104 | AH3: 15.531335 | AI3: -5.6605671 | AJ3: 1.4084507 | AK3: 10.706402 | AL3: 6.5934066 | AM3: 11.620795 | AO3: 7.3943662 | AP3: 6.8047337 | AQ3: 13.202247 | AR3: 13.742072 | AS3: 13.333333 | AT3: 19.467213 | AU3: 7.9027356 | AV3: 17.142857
A4: 39903 | B4: 8.411215 | C4: 8.0679406 | D4: 20.05814 | E4: 10.904255 | F4: 20.743034 | G4: 12.290503 | H4: 11.924119 | I4: 12.975391 | J4: 18.452381 | K4: 15.447154 | L4: 16.86747 | M4: 26.61597 | N4: 9.6296296 | O4: 10.242588 | P4: 8.616188 | Q4: 8.0939948 | R4: 13.56383 | S4: 5.1752922 | T4: 3.7593985 | U4: 6.640625 | V4: 5.5350554 | W4: 17.525773 | X4: 4.9295775 | Y4: 30.28169 | Z4: 1.8297534 | AA4: 14.876033 | AB4: 9.0293454 | AC4: 13.47032 | AD4: 10.12987 | AE4: 2.1857923 | AF4: -14.736842 | AG4: 14.59854 | AH4: 13.821138 | AI4: -5.1412315 | AJ4: 1.4084507 | AK4: 12.513843 | AL4: 19.926874 | AM4: 12.765957 | AO4: 11.803279 | AP4: 8.5872576 | AQ4: 12.777778 | AR4: 14.579055 | AS4: 15.498938 | AT4: 19.467213 | AU4: 7.2507553 | AV4: 19.480519
A5: 39933 | B5: 8.372093 | C5: 8.2627119 | D5: 17.714286 | E5: 10.61008 | F5: 16.071429 | G5: 12.672176 | H5: 1.2626263 | I5: 12.337662 | J5: 17.888563 | K5: 16.465863 | L5: 17.313433 | M5: 31.320755 | N5: 9.3137255 | O5: 10.106383 | P5: 9.0673575 | Q5: 8.3550914 | R5: 13.492063 | S5: 5.6761269 | T5: 4.0540541 | U5: 6.640625 | V5: 5.5350554 | W5: 16.938776 | X5: 4.9295775 | Y5: 29.370629 | Z5: 0.078369906 | AA5: 16.968011 | AB5: 8.5201794 | AC5: 15.525114 | AD5: 10.12987 | AE5: 2.919708 | AF5: -17.274939 | AG5: 14.319809 | AH5: 15.068493 | AI5: -6.395112 | AJ5: 1.9586507 | AK5: 12.074643 | AL5: 21.195652 | AM5: 12.5 | AO5: 11.803279 | AP5: 8.5872576 | AQ5: 13.498623 | AR5: 13.963039 | AS5: 15.611814 | AT5: 17.303823 | AU5: 7.2507553 | AV5: 19.480519
A6: 39964 | B6: 8.0831409 | C6: 8.4566596 | D6: 10.483871 | E6: 10.23622 | F6: 13.953488 | G6: 12.84153 | H6: -3.4398034 | I6: 15.124153 | J6: 17.44186 | K6: 16.205534 | L6: 17.595308 | M6: 33.082707 | N6: 9.7799511 | O6: 10.344828 | P6: 9.0439276 | Q6: 8.0729167 | R6: 13.456464 | S6: 5.4908486 | T6: 3.742515 | U6: 6.640625 | V6: 5.5350554 | W6: 15 | X6: 4.9295775 | Y6: 30.28169 | Z6: 0.94711918 | AA6: 16 | AB6: 8.7053571 | AC6: 13.963964 | AD6: 10.649351 | AE6: 4.9541284 | AF6: -22.425629 | AG6: 13.711584 | AH6: 14.402174 | AI6: -7.6720648 | AJ6: 1.9586507 | AK6: 11.555076 | AL6: 20.976492 | AM6: 8.0229226 | AO6: 11.803279 | AP6: 8.5872576 | AQ6: 12.5 | AR6: 13.496933 | AS6: 15.932914 | AT6: 17.303823 | AU6: 7.2507553 | AV6: 19.480519
A7: 39994 | B7: 7.0615034 | C7: 7.7405858 | D7: 5.9278351 | E7: 8.5492228 | F7: 11.396011 | G7: 13.079019 | H7: -7.1599045 | I7: 10.185185 | J7: 17.251462 | K7: 14.84375 | L7: 15.229885 | M7: 27.797834 | N7: 9.5354523 | O7: 10.31746 | P7: 8.2051282 | Q7: 8.0729167 | R7: 13.157895 | S7: 5.1239669 | T7: 4.0419162 | U7: 5.7034221 | V7: 4.6931408 | W7: 13.333333 | X7: 4.9295775 | Y7: 28.472222 | Z7: 0.23622047 | AA7: 15.934066 | AB7: 8.7527352 | AC7: 13.199105 | AD7: 10.649351 | AE7: 4 | AF7: -24.94577 | AG7: 13.14554 | AH7: 4.4226044 | AI7: -10.365361 | AJ7: 1.9586507 | AK7: 11.410118 | AL7: 20.540541 | AM7: 7.0175439 | AO7: 11.803279 | AP7: 8.5872576 | AQ7: 11.2 | AR7: 13.877551 | AS7: 15.448852 | AT7: 17.303823 | AU7: 7.5528701 | AV7: 20
A8: 40025 | B8: 6.741573 | C8: 7.9002079 | D8: 3.8071066 | E8: 6.4267352 | F8: 11.267606 | G8: 11.229947 | H8: -8.9622642 | I8: 9.9307159 | J8: 14.534884 | K8: 12.21374 | L8: 13.202247 | M8: 26.33452 | N8: 11.407767 | O8: 9.7368421 | P8: 7.9081633 | Q8: 7.7922078 | R8: 15.789474 | S8: 5.4455446 | T8: 4.6407186 | U8: 5.7034221 | V8: 4.6931408 | W8: 13.009709 | X8: 9.0909091 | Y8: 27.272727 | Z8: 0.31695721 | AA8: 13.414634 | AB8: 8.9519651 | AC8: 11.699779 | AD8: 10.649351 | AE8: 2.8933092 | AF8: -26.166329 | AG8: 12.009238 | AH8: 3.1553398 | AI8: -10.53869 | AJ8: 1.9586507 | AK8: 11.948332 | AL8: 20.323741 | AM8: 7.2254335 | AO8: 11.803279 | AP8: 8.5872576 | AQ8: 10.875332 | AR8: 9.4674556 | AS8: 15.416667 | AT8: 14.990138 | AU8: 10.542169 | AV8: 17.884131
A9: 40056 | B9: 6.0267857 | C9: 7.6446281 | D9: 0.24630542 | E9: 5.3846154 | F9: 10.335196 | G9: 9.9737533 | H9: -11.36891 | I9: 11.08545 | J9: 13.276836 | K9: 10.074627 | L9: 13.687151 | M9: 20.608108 | N9: 11.594203 | O9: 9.9737533 | P9: 7.3417722 | Q9: 8.0729167 | R9: 18.575064 | S9: 5.0819672 | T9: 4.3090639 | U9: 5.7034221 | V9: 4.6931408 | W9: 8.3179298 | X9: 9.3959732 | Y9: 25.68306 | Z9: 0.078926598 | AA9: 11.27321 | AB9: 8.9324619 | AC9: 12.114537 | AD9: 10.649351 | AE9: 3.8112523 | AF9: -26.458333 | AG9: 12.240185 | AH9: 4.1769042 | AI9: -11.603705 | AJ9: 2.5668449 | AK9: 8.2291667 | AL9: 21.582734 | AM9: 5.3977273 | AO9: 11.803279 | AP9: 8.5872576 | AQ9: 10.55409 | AR9: 7.3643411 | AS9: 13.90593 | AT9: 14.990138 | AU9: 10.542169 | AV9: 16.129032
A10: 40086 | B10: 6.4444444 | C10: 6.9672131 | D10: -1.9323671 | E10: 4.0712468 | F10: 7.3569482 | G10: 7.1611253 | H10: -12.814645 | I10: 12.790698 | J10: 15.625 | K10: 10 | L10: 11.382114 | M10: 16.721311 | N10: 10.26253 | O10: 9.6605744 | P10: 7.0175439 | Q10: 6.9587629 | R10: 17.293233 | S10: 5.0653595 | T10: 4.4510386 | U10: 5.2631579 | V10: 4.8300537 | W10: 7.3126143 | X10: 9.3959732 | Y10: 25 | Z10: -0.94488189 | AA10: 9.5800525 | AB10: 8.3870968 | AC10: 12.77533 | AD10: 10.649351 | AE10: 2.7027027 | AF10: -17.225951 | AG10: 11.954023 | AH10: 1.4319809 | AI10: -11.657033 | AJ10: 2.1390374 | AK10: 6.5488565 | AL10: 19.929453 | AM10: 10.724638 | AO10: 11.803279 | AP10: 8.5872576 | AQ10: 11.081794 | AR10: 7.7071291 | AS10: 13.104839 | AT10: 14.09002 | AU10: 11.111111 | AV10: 7.8341014
A11: 40117 | B11: 6.4444444 | C11: 6.5306122 | D11: -2.173913 | E11: 4.0712468 | F11: 7.712766 | G11: 7.6923077 | H11: -13.926941 | I11: 13.519814 | J11: 16.576087 | K11: 8 | L11: 9.3085106 | M11: 14.469453 | N11: 11.217184 | O11: 9.6605744 | P11: 7.2864322 | Q11: 6.9587629 | R11: 16.41791 | S11: 5.2202284 | T11: 4.4444444 | U11: 5.2631579 | V11: 4.8300537 | W11: 6.3176895 | X11: 9.3959732 | Y11: 23.783784 | Z11: -0.94488189 | AA11: 8.5078534 | AB11: 7.7087794 | AC11: 12.77533 | AD11: 10.649351 | AE11: 2.7027027 | AF11: -18.894009 | AG11: 11.187215 | AH11: 1.4285714 | AI11: -15.456975 | AJ11: 2.1390374 | AK11: 4.6248715 | AL11: 19.929453 | AM11: 11.594203 | AO11: 11.803279 | AP11: 8.5872576 | AQ11: 7.6335878 | AR11: 8.3333333 | AS11: 11.84739 | AT11: 8.6556169 | AU11: 12.121212 | AV11: 7.8341014
A12: 40147 | B12: 6.2084257 | C12: 6.3136456 | D12: -2.8846154 | E12: 3.5264484 | F12: 5.974026 | G12: 9.0206186 | H12: -13.657407 | I12: 13.716814 | J12: 12.432432 | K12: 7.9710145 | L12: 8.7301587 | M12: 13.291139 | N12: 10.638298 | O12: 9.6605744 | P12: 7.5376884 | Q12: 6.9587629 | R12: 16.666667 | S12: 5.2202284 | T12: 4.5925926 | U12: 5.2631579 | V12: 4.8300537 | W12: 6.2836625 | X12: 9.3959732 | Y12: 24.324324 | Z12: -1.6483516 | AA12: 6.9100391 | AB12: 7.7087794 | AC12: 10.537634 | AD12: 10.649351 | AE12: 2.7075812 | AF12: -14.769976 | AG12: 10.909091 | AH12: 1.9047619 | AI12: -17.117603 | AJ12: 2.1390374 | AK12: 2.2132797 | AL12: 19.929453 | AM12: 6.5217391 | AO12: 11.803279 | AP12: 8.5872576 | AQ12: 7.5949367 | AR12: 7.7071291 | AS12: 10.27668 | AT12: 8.6556169 | AU12: 12.121212 | AV12: 7.8341014
A13: 40178 | B13: 6.4444444 | C13: 6.2880325 | D13: -3.125 | E13: 2.2277228 | F13: 4.6511628 | G13: 8.7403599 | H13: -13.657407 | I13: 10.315789 | J13: 6.2992126 | K13: 8.7912088 | L13: 7.6719577 | M13: 12.539185 | N13: 10.165485 | O13: 8.8311688 | P13: 7.5566751 | Q13: 6.9587629 | R13: 16.62531 | S13: 4.8701299 | T13: 4.4313146 | U13: 5.0092764 | V13: 4.0564374 | W13: 5.8928571 | X13: 9.3959732 | Y13: 23.655914 | Z13: -1.9685039 | AA13: 6.3802083 | AB13: 7.4152542 | AC13: 10.775862 | AD13: 10.649351 | AE13: 2.3423423 | AF13: 7.6696165 | AG13: 10.11236 | AH13: 0.46728972 | AI13: -19.52776 | AJ13: 2.1390374 | AK13: 3.058104 | AL13: 19.507909 | AM13: 11.142061 | AO13: 11.803279 | AP13: 8.5872576 | AQ13: 8.5642317 | AR13: 6.4272212 | AS13: 9.6078431 | AT13: 8.6556169 | AU13: 12.121212 | AV13: 7.8341014
... A60: 41608 | B60: 5.4054054 | C60: 5.2721088 | D60: 4.3298969 | E60: 0.19305019 | F60: 5.1282051 | G60: 7.9399142 | H60: 3.877551 | I60: 1.5280136 | J60: 4.8979592 | K60: 6.3492063 | L60: 5.4878049 | M60: 7.4441687 | N60: 4.4362292 | O60: 6.3872255 | P60: 3.4 | Q60: 8.9385475 | R60: 5.3475936 | S60: 3.4139403 | T60: 2.9569892 | U60: 4.7765794 | V60: 4.5385779 | W60: 4.3090639 | X60: 8.0188679 | Y60: 7.3863636 | Z60: -0.17256255 | AA60: 2.6666667 | AB60: 5.7921635 | AC60: 3.2590051 | AD60: 6.3339731 | AE60: 4.0925267 | AF60: 7.7060932 | AG60: 4.4982699 | AH60: 5.6057866 | AI60: -12.286515 | AJ60: 1.8867925 | AK60: 0.78651685 | AL60: 2.8833552 | AM60: 3.930131 | AO60: 9.0497738 | AP60: 8.9463221 | AQ60: 6.4579256 | AR60: 8.801214 | AS60: 5.7823129 | AT60: 2.8400598 | AU60: 8.5972851 | AV60: 5.5147059
A61: 41639 | B61: 5.3956835 | C61: 5.2631579 | D61: 4.3209877 | E61: 0 | F61: 5.1612903 | G61: 7.2340426 | H61: 3.0425963 | I61: 0.48701299 | J61: 5.4393305 | K61: 5.8355438 | L61: 5.4989817 | M61: 6.6502463 | N61: 3.3027523 | O61: 5.4 | P61: 4.8582996 | Q61: 9.310987 | R61: 5.8823529 | S61: 3.6931818 | T61: 2.8187919 | U61: 5.0458716 | V61: 4.6546547 | W61: 3.2448378 | X61: 8.0188679 | Y61: 7.082153 | Z61: -1.2068966 | AA61: 2.4360536 | AB61: 5.4054054 | AC61: 2.5641026 | AD61: 6.3339731 | AE61: 4.0925267 | AF61: 9.9457505 | AG61: 4.5060659 | AH61: 4.5855379 | AI61: -13.285273 | AJ61: 1.8867925 | AK61: 0.22446689 | AL61: 2.8833552 | AM61: 5.7522124 | AN61: 13.317191 | AO61: 9.0497738 | AP61: 8.9463221 | AQ61: 6.7961165 | AR61: 8.4592145 | AS61: 5.4145516 | AT61: 2.8400598 | AU61: 8.1081081 | AV61: 5.5147059
A62: 41670 | B62: 5.9245961 | C62: 5.2453469 | D62: 4.4989775 | E62: 1.7241379 | F62: 6.1571125 | G62: 6.7368421 | H62: 2.4242424 | I62: 2.4590164 | J62: 6.2880325 | K62: 5.7742782 | L62: 6.8548387 | M62: 5.5690073 | N62: 4.1666667 | O62: 6.1386139 | P62: 4.1749503 | Q62: 9.4619666 | R62: 5.1601423 | S62: 3.8243626 | T62: 3.2128514 | U62: 5.0458716 | V62: 4.6546547 | W62: 3.0612245 | X62: 8.0188679 | Y62: 7.082153 | Z62: -1.7226529 | AA62: 1.9300362 | AB62: 5.5743243 | AC62: 2.9059829 | AD62: 6.3339731 | AE62: 4.0707965 | AF62: 14.625229 | AG62: 5.3633218 | AH62: 4.5855379 | AI62: -13.335066 | AJ62: 1.8867925 | AK62: 0.22396417 | AL62: 2.7486911 | AM62: 12.612613 | AN62: 8.0681818 | AO62: 9.0497738 | AP62: 8.9463221 | AQ62: 6.7567568 | AR62: 9.2920354 | AS62: 5.0505051 | AT62: 4.2836041 | AU62: 8.1081081 | AV62: 3.3391916
A63: 41698 | B63: 5.8614565 | C63: 5.3511706 | D63: 7.4226804 | E63: 3.1128405 | F63: 7.4152542 | G63: 6.2370062 | H63: 2.6 | I63: 3.6789298 | J63: 7.1868583 | K63: 4.6632124 | L63: 6.2626263 | M63: 5.2884615 | N63: 3.4358047 | O63: 6.7729084 | P63: 4.8096192 | Q63: 7.6225045 | R63: 5.3380783 | S63: 4.3785311 | T63: 4.0160643 | U63: 5.0458716 | V63: 4.6546547 | W63: 4.0816327 | X63: 8.0188679 | Y63: 7.082153 | Z63: 0 | AA63: 2.5362319 | AB63: 5.5743243 | AC63: 3.4129693 | AD63: 6.1482821 | AE63: 4.7787611 | AF63: 13.932981 | AG63: 6.0344828 | AH63: 4.3936731 | AI63: -11.682119 | AJ63: 1.8867925 | AK63: 0.11185682 | AL63: 1.1597938 | AM63: 9.8901099 | AN63: 8.8505747 | AO63: 9.0497738 | AP63: 8.9463221 | AQ63: 6.7567568 | AR63: 10.882353 | AS63: 5.0505051 | AT63: 4.2836041 | AU63: 7.0981211 | AV63: 3.3391916
A64: 41729 | B64: 6.1403509 | C64: 5.6291391 | D64: 9.3167702 | E64: 4.0856031 | F64: 7.5630252 | G64: 7.2016461 | H64: 4.4088176 | I64: 5.1495017 | J64: 12.761506 | K64: 6.3451777 | L64: 7.1138211 | M64: 5.5690073 | N64: 3.9783002 | O64: 7.1017274 | P64: 6.0665362 | Q64: 5.3097345 | R64: 6.2608696 | S64: 4.6544429 | T64: 4.5454545 | U64: 4.9848943 | V64: 5.2005944 | W64: 4.1907514 | X64: 8.0188679 | Y64: 7.082153 | Z64: 0.25929127 | AA64: 2.7811366 | AB64: 5.6856187 | AC64: 4.109589 | AD64: 6.1482821 | AE64: 4.9469965 | AF64: 9.4370861 | AG64: 4.9319728 | AH64: 6.4798599 | AI64: -10.183684 | AJ64: 0.7253886 | AK64: -0.77777778 | AL64: 1.1597938 | AM64: 11.816193 | AN64: 7.5892857 | AO64: 8.5062241 | AP64: 9.3065693 | AQ64: 7.2657744 | AR64: 10.964912 | AS64: 6.1461794 | AT64: 4.2836041 | AU64: 6.875 | AV64: 3.6906854
A65: 41759 | B65: 6.1188811 | C65: 5.6105611 | D65: 10.061602 | E65: 6.8493151 | F65: 8.3333333 | G65: 9.0534979 | H65: 6.2753036 | I65: 2.4630542 | J65: 9.9391481 | K65: 5.5137845 | L65: 7.1138211 | M65: 5.5421687 | N65: 3.7974684 | O65: 6.5420561 | P65: 4.4487427 | Q65: 4.5454545 | R65: 5.5077453 | S65: 5.0704225 | T65: 4.9399199 | U65: 4.9848943 | V65: 5.2005944 | W65: 4.610951 | X65: 8.0188679 | Y65: 7.082153 | Z65: 0 | AA65: 3.1400966 | AB65: 5.6856187 | AC65: 3.5353535 | AD65: 6.1371841 | AE65: 5.2816901 | AF65: 9.0311987 | AG65: 4.2087542 | AH65: 6.4798599 | AI65: -10.580856 | AJ65: 0.10351967 | AK65: -0.22296544 | AL65: 1.7902813 | AM65: 12.121212 | AN65: 4.9944506 | AO65: 8.5062241 | AP65: 9.3065693 | AQ65: 7.9847909 | AR65: 10.380117 | AS65: 5.5829228 | AT65: 4.4052863 | AU65: 7.2765073 | AV65: 3.6906854
A66: 41790 | B66: 6.4798599 | C66: 5.601318 | D66: 10.224949 | E66: 8.2352941 | F66: 8.2474227 | G66: 9.8159509 | H66: 4.0322581 | I66: 5.6027165 | J66: 13.496933 | K66: 6.2656642 | L66: 7.9268293 | M66: 6.0240964 | N66: 4.7101449 | O66: 8.2242991 | P66: 4.8262548 | Q66: 4.5217391 | R66: 5.6798623 | S66: 5.2039381 | T66: 5.0666667 | U66: 4.9848943 | V66: 5.2005944 | W66: 6.0781476 | X66: 8.0188679 | Y66: 7.082153 | Z66: -0.94664372 | AA66: 3.5024155 | AB66: 5.3511706 | AC66: 3.1719533 | AD66: 6.1371841 | AE66: 6.1403509 | AF66: 14.26087 | AG66: 4.9069374 | AH66: 6.6666667 | AI66: -11.181493 | AJ66: 0.10351967 | AK66: -0.33333333 | AL66: 2.173913 | AM66: 12.364425 | AN66: 2.2075055 | AO66: 8.5062241 | AP66: 9.3065693 | AQ66: 7.5471698 | AR66: 9.9270073 | AS66: 6.7768595 | AT66: 4.4052863 | AU66: 7.2765073 | AV66: 3.6906854
A67: 41820 | B67: 6.8181818 | C67: 5.5737705 | D67: 10.633947 | E67: 8.8757396 | F67: 8.4536082 | G67: 9.9391481 | H67: 3.2064128 | I67: 1.5384615 | J67: 12.164948 | K67: 6.234414 | L67: 7 | M67: 6.9047619 | N67: 3.9355993 | O67: 9.0225564 | P67: 4.2307692 | Q67: 5.4101222 | R67: 5.1546392 | S67: 5.3370787 | T67: 5.0599201 | U67: 5.2083333 | V67: 4.9780381 | W67: 6.0693642 | X67: 8.0188679 | Y67: 7.082153 | Z67: 0.7860262 | AA67: 4.7330097 | AB67: 5.2459016 | AC67: 4.5226131 | AD67: 6.1371841 | AE67: 6.1403509 | AF67: 13.309982 | AG67: 4.8739496 | AH67: 6.5404475 | AI67: -12.503443 | AJ67: -0.51440329 | AK67: 0.22246941 | AL67: 1.9132653 | AM67: 10.920771 | AN67: 4.638009 | AO67: 8.5062241 | AP67: 9.3065693 | AQ67: 7.8651685 | AR67: 10.014728 | AS67: 6.5681445 | AT67: 4.4052863 | AU67: 7.5 | AV67: 3.6906854
A68: 41851 | B68: 6.4013841 | C68: 5.7096248 | D68: 8.7221095 | E68: 8.6956522 | F68: 8.0246914 | G68: 11.764706 | H68: 2.6262626 | I68: 2.2608696 | J68: 11.909651 | K68: 7.518797 | L68: 8.8176353 | M68: 9.8321343 | N68: 5.4054054 | O68: 8.5820896 | P68: 3.256705 | Q68: 4.8695652 | R68: 7.2758037 | S68: 5.4621849 | T68: 5.0531915 | U68: 5.2083333 | V68: 4.9780381 | W68: 6.2138728 | X68: 8.2969432 | Y68: 6.8783069 | Z68: 0.78534031 | AA68: 3.9903265 | AB68: 5.2459016 | AC68: 5.1839465 | AD68: 6.1371841 | AE68: 5.5846422 | AF68: 8.3606557 | AG68: 5.5649241 | AH68: 6.7125645 | AI68: -11.847947 | AJ68: -0.82051282 | AK68: 0.44593088 | AL68: 2.2959184 | AM68: 13.015184 | AN68: 5.8285714 | AO68: 8.5062241 | AP68: 9.3065693 | AQ68: 8.2242991 | AR68: 8.0058224 | AS68: 6.3934426 | AT68: 5.0872093 | AU68: 7.9166667 | AV68: 4.5375218
A69: 41882 | B69: 6.5517241 | C69: 5.7003257 | D69: 7.6305221 | E69: 9.9009901 | F69: 7.1574642 | G69: 12.701613 | H69: 0.99403579 | I69: 2.4347826 | J69: 13.900415 | K69: 8.5 | L69: 9.9800399 | M69: 10.613208 | N69: 5.5755396 | O69: 8.7850467 | P69: 5.4158607 | Q69: 4.3327556 | R69: 7.7441077 | S69: 5.4166667 | T69: 5.0131926 | U69: 5.2083333 | V69: 4.9780381 | W69: 5.730659 | X69: 8.7336245 | Y69: 7.1428571 | Z69: -0.43440487 | AA69: 4.0914561 | AB69: 5.0819672 | AC69: 4.6901173 | AD69: 6.1371841 | AE69: 6.2608696 | AF69: 5.76 | AG69: 4.8414023 | AH69: 6.7125645 | AI69: -11.61545 | AJ69: -1.0214505 | AK69: 1.1173184 | AL69: 2.2959184 | AM69: 10.660981 | AN69: 5.3631285 | AO69: 8.5062241 | AP69: 9.3065693 | AQ69: 8.9385475 | AR69: 7.4605452 | AS69: 7.5286416 | AT69: 5.0872093 | AU69: 7.9166667 | AV69: 4.3554007
A70: 41912 | B70: 6.185567 | C70: 5.6726094 | D70: 5.9405941 | E70: 9.4674556 | F70: 8.5714286 | G70: 12.8 | H70: -0.98425197 | I70: 1.0291595 | J70: 12.936345 | K70: 8.478803 | L70: 9.3253968 | M70: 9.3240093 | N70: 4.0925267 | O70: 8.3643123 | P70: 3.2380952 | Q70: 5.0347222 | R70: 7.9124579 | S70: 5.5172414 | T70: 5.3876478 | U70: 5.1470588 | V70: 4.7756874 | W70: 5.5634807 | X70: 8.7336245 | Y70: 7.1428571 | Z70: -1.3888889 | AA70: 3.2181168 | AB70: 4.2003231 | AC70: 5.1752922 | AD70: 6.1371841 | AE70: 6.0658579 | AF70: 1.2861736 | AG70: 3.814262 | AH70: 7.5342466 | AI70: -12.677658 | AJ70: -0.71721311 | AK70: 0.78125 | AL70: 2.1656051 | AM70: 9.6842105 | AN70: 2.5027203 | AO70: 8.5062241 | AP70: 9.3065693 | AQ70: 9.2936803 | AR70: 7.9320113 | AS70: 6.0162602 | AT70: 5.0872093 | AU70: 7.9166667 | AV70: 4.3554007
A71: 41943 | B71: 5.8219178 | C71: 5.6634304 | D71: 5.1282051 | E71: 9.375 | F71: 7.5356415 | G71: 12.57485 | H71: -1.7786561 | I71: 3.6206897 | J71: 8.7649402 | K71: 8.7719298 | L71: 8.7548638 | M71: 8.1585082 | N71: 4.2402827 | O71: 9.5327103 | P71: 3.2258065 | Q71: 5.982906 | R71: 7.9124579 | S71: 5.922865 | T71: 5.7667104 | U71: 5.1470588 | V71: 4.7756874 | W71: 5.1282051 | X71: 8.7336245 | Y71: 7.1428571 | Z71: -2.7681661 | AA71: 3.0989273 | AB71: 4.0257649 | AC71: 5.8139535 | AD71: 6.1371841 | AE71: 5.6701031 | AF71: 2.4429967 | AG71: 3.807947 | AH71: 8.034188 | AI71: -12.759815 | AJ71: -1.3238289 | AK71: 0.44692737 | AL71: 2.1656051 | AM71: 10.570825 | AN71: 2.9001074 | AO71: 8.5062241 | AP71: 9.3065693 | AQ71: 8.9053803 | AR71: 9.1292135 | AS71: 5.4750403 | AT71: 5.0872093 | AU71: 7.9166667 | AV71: 4.3554007
A72: 41973 | B72: 5.6410256 | C72: 5.815832 | D72: 5.3359684 | E72: 9.2485549 | F72: 8.3333333 | G72: 12.723658 | H72: -1.7681729 | I72: 11.538462 | J72: 5.8365759 | K72: 7.960199 | L72: 8.2851638 | M72: 8.3140878 | N72: 3.7168142 | O72: 9.9437148 | P72: 5.4158607 | Q72: 7.008547 | R72: 8.6294416 | S72: 6.6024759 | T72: 5.613577 | U72: 5.1470588 | V72: 4.7756874 | W72: 5.4131054 | X72: 8.7336245 | Y72: 7.1428571 | Z72: -3.1114952 | AA72: 2.1251476 | AB72: 4.0257649 | AC72: 5.8139535 | AD72: 6.1371841 | AE72: 5.2991453 | AF72: 1.1647255 | AG72: 3.9735099 | AH72: 7.8767123 | AI72: -13.746004 | AJ72: -0.30864198 | AK72: 0.66889632 | AL72: 2.1656051 | AM72: 10.714286 | AN72: 2.1231423 | AO72: 8.5062241 | AP72: 9.3065693 | AQ72: 9.0073529 | AR72: 9.4839609 | AS72: 5.7877814 | AT72: 5.0872093 | AU72: 7.9166667 | AV72: 4.3554007 | CS72: 5.27
A73: 42004 | B73: 5.4607509 | C73: 5.8064516 | D73: 4.7337278 | E73: 9.2130518 | F73: 7.9754601 | G73: 12.5 | H73: -1.7716535 | I73: 9.6930533 | J73: 4.9603175 | K73: 8.2706767 | L73: 7.1428571 | M73: 8.3140878 | N73: 3.1971581 | O73: 11.005693 | P73: 5.2123552 | Q73: 6.6439523 | R73: 8.2491582 | S73: 6.5753425 | T73: 5.7441253 | U73: 4.9490539 | V73: 4.8780488 | W73: 5.7142857 | X73: 8.7336245 | Y73: 7.1428571 | Z73: -2.530541 | AA73: 1.902497 | AB73: 4.0064103 | AC73: 5 | AD73: 6.1371841 | AE73: 5.6410256 | AF73: -5.2631579 | AG73: 4.3117745 | AH73: 6.5767285 | AI73: -12.559382 | AJ73: -1.2345679 | AK73: 0.44792833 | AL73: 2.5477707 | AM73: 11.297071 | AN73: 3.8461538 | AO73: 8.5062241 | AP73: 9.3065693 | AQ73: 8.7272727 | AR73: 8.356546 | AS73: 5.6179775 | AT73: 5.0872093 | AU73: 7.9166667 | AV73: 4.3554007
A74: 42035 | B74: 4.5762712 | C74: 5.7877814 | D74: 4.6966732 | E74: 8.8512241 | F74: 7.2 | G74: 11.83432 | H74: -0.78895464 | I74: 7.52 | J74: 0.95419847 | K74: 8.4367246 | L74: 6.9811321 | M74: 8.2568807 | N74: 2.7826087 | O74: 10.074627 | P74: 4.0076336 | Q74: 6.9491525 | R74: 8.7986464 | S74: 6.4120055 | T74: 5.4474708 | U74: 4.9490539 | V74: 4.8780488 | W74: 5.6577086 | X74: 8.7336245 | Y74: 7.1428571 | Z74: -2.8045574 | AA74: 2.1301775 | AB74: 4.32 | AC74: 5.8139535 | AD74: 6.1371841 | AE74: 6.292517 | AF74: -17.703349 | AG74: 4.2692939 | AH74: 6.2394604 | AI74: -12.057588 | AJ74: -1.1316872 | AK74: 0.11173184 | AL74: 3.4394904 | AM74: 7 | AN74: 0.94637224 | AO74: 8.5062241 | AP74: 9.3065693 | AQ74: 8.1374322 | AR74: 4.8582996 | AS74: 6.4102564 | AT74: 3.8243626 | AU74: 7.9166667 | AV74: 5.7823129
A75: 42063 | B75: 4.0268456 | C75: 5.7142857 | D75: 4.0307102 | E75: 8.8679245 | F75: 7.8895464 | G75: 11.741683 | H75: -0.7797271 | I75: 0.32258065 | J75: 1.9157088 | K75: 8.6633663 | L75: 7.9847909 | M75: 8.6757991 | N75: 3.6713287 | O75: 10.634328 | P75: 4.3977055 | Q75: 8.6003373 | R75: 8.4459459 | S75: 5.9539919 | T75: 5.2767053 | U75: 4.9490539 | V75: 4.8780488 | W75: 5.0420168 | X75: 8.7336245 | Y75: 7.1428571 | Z75: -3.8095238 | AA75: 2.7090695 | AB75: 4.64 | AC75: 5.2805281 | AD75: 6.4735945 | AE75: 5.9121622 | AF75: -26.780186 | AG75: 3.2520325 | AH75: 6.0606061 | AI75: -13.107379 | AJ75: -1.1316872 | AK75: 0 | AL75: 3.3121019 | AM75: 8.6 | AN75: 3.2734952 | AO75: 8.5062241 | AP75: 9.3065693 | AQ75: 8.318264 | AR75: 3.4482759 | AS75: 7.2115385 | AT75: 3.8243626 | AU75: 8.5769981 | AV75: 5.7823129
A76: 42094 | B76: 3.9669421 | C76: 5.6426332 | D76: 3.5984848 | E76: 8.411215 | F76: 7.03125 | G76: 9.596929 | H76: -0.38387716 | I76: 1.2638231 | J76: 0.37105751 | K76: 7.875895 | L76: 8.1593928 | M76: 8.7155963 | N76: 3.4782609 | O76: 8.9605735 | P76: 3.5055351 | Q76: 10.588235 | R76: 8.5106383 | S76: 6.06469 | T76: 5.1150895 | U76: 5.323741 | V76: 4.8022599 | W76: 4.2995839 | X76: 8.7336245 | Y76: 7.1428571 | Z76: -4.4827586 | AA76: 2.7058824 | AB76: 4.4303797 | AC76: 5.4276316 | AD76: 6.4735945 | AE76: 5.5555556 | AF76: -21.633888 | AG76: 5.1863857 | AH76: 3.9473684 | AI76: -12.75188 | AJ76: -1.1316872 | AK76: 0.11198208 | AL76: 3.3121019 | AM76: 7.0450098 | AN76: 0 | AO76: 8.7954111 | AP76: 9.8497496 | AQ76: 6.9518717 | AR76: 5.4018445 | AS76: 6.7292645 | AT76: 3.8243626 | AU76: 8.5769981 | AV76: 5.7627119
A77: 42124 | B77: 4.6128501 | C77: 5.625 | D77: 2.4253731 | E77: 6.4102564 | F77: 5.7692308 | G77: 8.490566 | H77: -2.2857143 | I77: 7.6923077 | J77: 2.2140221 | K77: 8.7885986 | L77: 6.2618596 | M77: 8.9041096 | N77: 4.1811847 | O77: 8.5964912 | P77: 4.0740741 | Q77: 11.87291 | R77: 8.9722675 | S77: 5.7640751 | T77: 4.9618321 | U77: 5.323741 | V77: 4.8022599 | W77: 3.4435262 | X77: 8.7336245 | Y77: 7.1428571 | Z77: -3.8062284 | AA77: 2.6932084 | AB77: 4.5886076 | AC77: 5.3658537 | AD77: 6.462585 | AE77: 4.6822742 | AF77: -10.692771 | AG77: 5.4927302 | AH77: 4.6052632 | AI77: -12.503812 | AJ77: -0.51706308 | AK77: 0.22346369 | AL77: 2.3869347 | AM77: 5.7915058 | AN77: 1.2684989 | AO77: 8.7954111 | AP77: 9.8497496 | AQ77: 6.3380282 | AR77: 3.7086093 | AS77: 6.2208398 | AT77: 3.0942335 | AU77: 8.1395349 | AV77: 5.7627119
A78: 42155 | B78: 4.6052632 | C78: 5.7722309 | D78: 3.7105751 | E78: 5.2536232 | F78: 7.4285714 | G78: 7.6350093 | H78: 0.58139535 | I78: 3.0546624 | J78: -1.4414414 | K78: 9.4339623 | L78: 7.1563089 | M78: 8.6363636 | N78: 4.3252595 | O78: 7.5993092 | P78: 5.1565378 | Q78: 11.813644 | R78: 8.7947883 | S78: 5.6149733 | T78: 4.822335 | U78: 5.323741 | V78: 4.8022599 | W78: 2.8649386 | X78: 8.7336245 | Y78: 7.1428571 | Z78: -3.4752389 | AA78: 3.1505251 | AB78: 4.6031746 | AC78: 7.2815534 | AD78: 6.462585 | AE78: 4.1322314 | AF78: -9.7412481 | AG78: 5.3225806 | AH78: 4.6052632 | AI78: -12.806202 | AJ78: 0 | AK78: 0.11148272 | AL78: 2.0025031 | AM78: 7.1428571 | AN78: -2.699784 | AO78: 8.7954111 | AP78: 9.8497496 | AQ78: 7.3684211 | AR78: 3.7184595 | AS78: 6.0371517 | AT78: 3.0942335 | AU78: 8.1395349 | AV78: 6.6101695
A79: 42185 | B79: 4.5826514 | C79: 5.4347826 | D79: 3.142329 | E79: 5.2536232 | F79: 7.0342205 | G79: 6.8265683 | H79: 0.97087379 | I79: 4.040404 | J79: -1.4705882 | K79: 9.1549296 | L79: 5.7943925 | M79: 6.6815145 | N79: 3.7865749 | O79: 7.2413793 | P79: 5.3505535 | Q79: 11.754967 | R79: 9.3137255 | S79: 5.8666667 | T79: 4.8162231 | U79: 4.8090523 | V79: 4.4630404 | W79: 2.8610354 | X79: 8.7336245 | Y79: 7.1428571 | Z79: -4.8526863 | AA79: 2.5492468 | AB79: 4.6728972 | AC79: 5.7692308 | AD79: 6.462585 | AE79: 4.1322314 | AF79: -4.9459042 | AG79: 4.9679487 | AH79: 3.0694669 | AI79: -12.716399 | AJ79: 0 | AK79: 0.22197558 | AL79: 2.1276596 | AM79: 8.1081081 | AN79: -3.7837838 | AO79: 8.7954111 | AP79: 9.8497496 | AQ79: 6.7708333 | AR79: 4.0160643 | AS79: 5.5469954 | AT79: 3.0942335 | AU79: 8.1395349 | AV79: 6.2711864
A80: 42216 | B80: 5.0406504 | C80: 5.2469136 | D80: 4.6641791 | E80: 5.2727273 | F80: 7.6190476 | G80: 5.0816697 | H80: 2.5590551 | I80: 2.3809524 | J80: -1.2844037 | K80: 8.1585082 | L80: 4.7882136 | M80: 5.6768559 | N80: 3.4188034 | O80: 7.5601375 | P80: 6.3079777 | Q80: 12.106136 | R80: 5.6782334 | S80: 5.7104914 | T80: 5.3164557 | U80: 4.8090523 | V80: 4.4630404 | W80: 2.4489796 | X80: 10.080645 | Y80: 11.386139 | Z80: -5.1082251 | AA80: 2.7906977 | AB80: 4.6728972 | AC80: 5.0874404 | AD80: 6.462585 | AE80: 4.1322314 | AF80: -4.0847201 | AG80: 3.514377 | AH80: 2.9032258 | AI80: -14.416116 | AJ80: -0.10341262 | AK80: 0.66592675 | AL80: 2.244389 | AM80: 6.7178503 | AN80: 0.43196544 | AO80: 8.7954111 | AP80: 9.8497496 | AQ80: 6.7357513 | AR80: 4.1778976 | AS80: 5.238829 | AT80: 2.2130014 | AU80: 8.1081081 | AV80: 5.8430718
A81: 42247 | B81: 4.5307443 | C81: 5.238829 | D81: 5.9701493 | E81: 5.045045 | F81: 8.2061069 | G81: 3.7567084 | H81: 5.7086614 | I81: 4.4142615 | J81: -2.3679417 | K81: 7.6036866 | L81: 4.3557169 | M81: 4.0511727 | N81: 3.7478705 | O81: 7.3883162 | P81: 6.0550459 | Q81: 12.624585 | R81: 4.6875 | S81: 5.4018445 | T81: 5.1507538 | U81: 4.8090523 | V81: 4.4630404 | W81: 1.897019 | X81: 9.6385542 | Y81: 11.111111 | Z81: -4.0139616 | AA81: 2.8901734 | AB81: 4.8361934 | AC81: 6.08 | AD81: 6.462585 | AE81: 3.9279869 | AF81: -7.5642965 | AG81: 3.343949 | AH81: 2.2580645 | AI81: -14.673046 | AJ81: -0.20639835 | AK81: 0.33149171 | AL81: 2.244389 | AM81: 8.477842 | AN81: 0 | AO81: 8.7954111 | AP81: 9.8497496 | AQ81: 5.982906 | AR81: 3.7383178 | AS81: 4.56621 | AT81: 2.2130014 | AU81: 8.1081081 | AV81: 5.509182
